id,负责人,证券代码,证券简称,会计截止日期,审计日期,审计意见类型,搜索关键词,文件命名,备注,ts_code
000004-2017,李淑慧,4,国华网安,2017-12-31,2018-04-27,无保留意见加事项段,董事会 审计意见 专项说明 000004,000004-2017.pdf,,000004.SZ
000005-2017,李淑慧,5,ST 星源,2017-12-31,2018-04-19,无保留意见加事项段,董事会 审计意见 专项说明 000005,000005-2017.pdf,,000005.SZ
000005-2018,李淑慧,5,ST 星源,2018-12-31,2019-04-23,无保留意见加事项段,董事会 审计意见 专项说明 000005,000005-2018.pdf,,000005.SZ
000005-2019,李淑慧,5,ST 星源,2019-12-31,2020-05-22,保留意见,董事会 审计意见 专项说明 000005,000005-2019.pdf,,000005.SZ
000005-2020,李淑慧,5,ST 星源,2020-12-31,2021-04-26,保留意见,董事会 审计意见 专项说明 000005,000005-2020.pdf,,000005.SZ
000007-2017,李淑慧,7,*ST 全新,2017-12-31,2018-04-23,保留意见,董事会 审计意见 专项说明 000007,000007-2017.pdf,,000007.SZ
000007-2018,李淑慧,7,*ST 全新,2018-12-31,2019-04-29,无保留意见加事项段,董事会 审计意见 专项说明 000007,000007-2018.pdf,,000007.SZ
000007-2019,李淑慧,7,*ST 全新,2019-12-31,2020-04-28,无保留意见加事项段,董事会 审计意见 专项说明 000007,000007-2019.pdf,,000007.SZ
000007-2020,李淑慧,7,*ST 全新,2020-12-31,2021-04-28,保留意见加事项段,董事会 审计意见 专项说明 000007,000007-2020.pdf,,000007.SZ
000010-2017,李淑慧,10,美丽生态,2017-12-31,2018-04-25,无保留意见加事项段,董事会 审计意见 专项说明 000010,000010-2017.pdf,,000010.SZ
000010-2018,李淑慧,10,美丽生态,2018-12-31,2019-04-23,无保留意见加事项段,董事会 审计意见 专项说明 000010,000010-2018.pdf,,000010.SZ
000017-2017,李淑慧,17,深中华A,2017-12-31,2018-04-16,无保留意见加事项段,董事会 审计意见 专项说明 000017,000017-2017.pdf,,000017.SZ
000017-2018,李淑慧,17,深中华A,2018-12-31,2019-04-18,无保留意见加事项段,董事会 审计意见 专项说明 000017,000017-2018.pdf,,000017.SZ
000017-2019,李淑慧,17,深中华A,2019-12-31,2020-04-26,无保留意见加事项段,董事会 审计意见 专项说明 000017,000017-2019.pdf,,000017.SZ
000017-2020,李淑慧,17,深中华A,2020-12-31,2021-04-23,无保留意见加事项段,董事会 审计意见 专项说明 000017,000017-2020.pdf,,000017.SZ
000018-2018,李淑慧,18,神城A退,2018-12-31,2019-04-28,无法发表意见,董事会 审计意见 专项说明 000018,000018-2018.pdf,,000018.SZ
000038-2018,李淑慧,38,深大通,2018-12-31,2019-04-29,保留意见,董事会 审计意见 专项说明 000038,000038-2018.pdf,,000038.SZ
000038-2020,李淑慧,38,深大通,2020-12-31,2021-04-09,无保留意见加事项段,董事会 审计意见 专项说明 000038,000038-2020.pdf,,000038.SZ
000040-2019,李淑慧,40,东旭蓝天,2019-12-31,2020-05-29,无保留意见加事项段,董事会 审计意见 专项说明 000040,000040-2019.pdf,,000040.SZ
000040-2020,李淑慧,40,东旭蓝天,2020-12-31,2021-04-29,保留意见加事项段,董事会 审计意见 专项说明 000040,000040-2020.pdf,,000040.SZ
000048-2017,李淑慧,48,京基智农,2017-12-31,2018-08-29,无法发表意见,董事会 审计意见 专项说明 000048,000048-2017.pdf,,000048.SZ
000048-2018,李淑慧,48,京基智农,2018-12-31,2019-04-12,保留意见,董事会 审计意见 专项说明 000048,000048-2018.pdf,,000048.SZ
000150-2019,李淑慧,150,宜华健康,2019-12-31,2020-04-29,无保留意见加事项段,董事会 审计意见 专项说明 000150,000150-2019.pdf,,000150.SZ
000150-2020,李淑慧,150,宜华健康,2020-12-31,2021-04-23,无保留意见加事项段,董事会 审计意见 专项说明 000150,000150-2020.pdf,,000150.SZ
000403-2017,李淑慧,403,派林生物,2017-12-31,2018-04-25,无保留意见加事项段,董事会 审计意见 专项说明 000403,000403-2017.pdf,,000403.SZ
000403-2018,李淑慧,403,派林生物,2018-12-31,2019-04-23,无保留意见加事项段,董事会 审计意见 专项说明 000403,000403-2018.pdf,,000403.SZ
000408-2018,李淑慧,408,藏格控股,2018-12-31,2019-04-29,保留意见,董事会 审计意见 专项说明 000408,000408-2018.pdf,,000408.SZ
000408-2019,李淑慧,408,藏格控股,2019-12-31,2020-04-29,无法发表意见,董事会 审计意见 专项说明 000408,000408-2019.pdf,,000408.SZ
000409-2017,李淑慧,409,云鼎科技,2017-12-31,2018-06-20,保留意见,董事会 审计意见 专项说明 000409,000409-2017.pdf,,000409.SZ
000410-2018,李淑慧,410,ST 沈机,2018-12-31,2019-04-25,无保留意见加事项段,董事会 审计意见 专项说明 000410,000410-2018.pdf,,000410.SZ
000413-2019,李淑慧,413,东旭光电,2019-12-31,2020-06-23,保留意见,董事会 审计意见 专项说明 000413,000413-2019.pdf,,000413.SZ
000413-2020,李淑慧,413,东旭光电,2020-12-31,2021-04-29,保留意见,董事会 审计意见 专项说明 000413,000413-2020.pdf,,000413.SZ
000415-2020,李淑慧,415,渤海租赁,2020-12-31,2021-04-28,无保留意见加事项段,董事会 审计意见 专项说明 000415,000415-2020.pdf,,000415.SZ
000422-2017,李淑慧,422,湖北宜化,2017-12-31,2018-04-20,无保留意见加事项段,董事会 审计意见 专项说明 000422,000422-2017.pdf,,000422.SZ
000502-2020,李淑慧,502,*ST 绿景,2020-12-31,2021-04-28,无保留意见加事项段,董事会 审计意见 专项说明 000502,000502-2020.pdf,,000502.SZ
000504-2017,李淑慧,504,南华生物,2017-12-31,2018-04-27,无保留意见加事项段,董事会 审计意见 专项说明 000504,000504-2017.pdf,,000504.SZ
000504-2018,李淑慧,504,南华生物,2018-12-31,2019-04-29,无保留意见加事项段,董事会 审计意见 专项说明 000504,000504-2018.pdf,,000504.SZ
000506-2017,李淑慧,506,中润资源,2017-12-31,2018-04-27,保留意见,董事会 审计意见 专项说明 000506,000506-2017.pdf,,000506.SZ
000506-2018,李淑慧,506,中润资源,2018-12-31,2019-04-25,保留意见,董事会 审计意见 专项说明 000506,000506-2018.pdf,,000506.SZ
000506-2019,李淑慧,506,中润资源,2019-12-31,2020-04-28,保留意见加事项段,董事会 审计意见 专项说明 000506,000506-2019.pdf,,000506.SZ
000506-2020,李淑慧,506,中润资源,2020-12-31,2021-04-27,保留意见加事项段,董事会 审计意见 专项说明 000506,000506-2020.pdf,,000506.SZ
000509-2018,李淑慧,509,*ST 华塑,2018-12-31,2019-04-18,无保留意见加事项段,董事会 审计意见 专项说明 000509,000509-2018.pdf,,000509.SZ
000509-2019,李淑慧,509,*ST 华塑,2019-12-31,2020-03-30,无保留意见加事项段,董事会 审计意见 专项说明 000509,000509-2019.pdf,,000509.SZ
000511-2017,李淑慧,511,烯碳退,2017-12-31,2018-04-26,无法发表意见,董事会 审计意见 专项说明 000511,000511-2017.pdf,,000511.SZ
000518-2018,李淑慧,518,四环生物,2018-12-31,2019-04-14,无保留意见加事项段,董事会 审计意见 专项说明 000518,000518-2018.pdf,,000518.SZ
000518-2020,李淑慧,518,四环生物,2020-12-31,2021-04-15,无保留意见加事项段,董事会 审计意见 专项说明 000518,000518-2020.pdf,,000518.SZ
000520-2017,李淑慧,520,长航凤凰,2017-12-31,2018-04-23,无保留意见加事项段,董事会 审计意见 专项说明 000520,000520-2017.pdf,,000520.SZ
000523-2020,李淑慧,523,*ST 浪奇,2020-12-31,2021-04-28,保留意见,董事会 审计意见 专项说明 000523,000523-2020.pdf,,000523.SZ
000525-2019,李淑慧,525,ST 红太阳,2019-12-31,2020-06-29,保留意见,董事会 审计意见 专项说明 000525,000525-2019.pdf,,000525.SZ
000525-2020,李淑慧,525,ST 红太阳,2020-12-31,2021-04-28,保留意见加事项段,董事会 审计意见 专项说明 000525,000525-2020.pdf,,000525.SZ
000533-2018,李淑慧,533,顺钠股份,2018-12-31,2019-04-28,保留意见加事项段,董事会 审计意见 专项说明 000533,000533-2018.pdf,,000533.SZ
000533-2019,李淑慧,533,顺钠股份,2019-12-31,2020-04-23,保留意见加事项段,董事会 审计意见 专项说明 000533,000533-2019.pdf,,000533.SZ
000533-2020,李淑慧,533,顺钠股份,2020-12-31,2021-03-26,无保留意见加事项段,董事会 审计意见 专项说明 000533,000533-2020.pdf,,000533.SZ
000536-2018,李淑慧,536,华映科技,2018-12-31,2019-04-26,保留意见,董事会 审计意见 专项说明 000536,000536-2018.pdf,,000536.SZ
000536-2019,李淑慧,536,华映科技,2019-12-31,2020-04-24,无保留意见加事项段,董事会 审计意见 专项说明 000536,000536-2019.pdf,,000536.SZ
000540-2020,李淑慧,540,中天金融,2020-12-31,2021-04-28,保留意见,董事会 审计意见 专项说明 000540,000540-2020.pdf,,000540.SZ
000557-2018,李淑慧,557,西部创业,2018-12-31,2019-04-25,保留意见,董事会 审计意见 专项说明 000557,000557-2018.pdf,,000557.SZ
000564-2019,李淑慧,564,*ST 大集,2019-12-31,2020-04-29,无保留意见加事项段,董事会 审计意见 专项说明 000564,000564-2019.pdf,,000564.SZ
000564-2020,李淑慧,564,*ST 大集,2020-12-31,2021-04-28,无法发表意见,董事会 审计意见 专项说明 000564,000564-2020.pdf,,000564.SZ
000571-2017,李淑慧,571,ST 大洲,2017-12-31,2018-04-25,无保留意见加事项段,董事会 审计意见 专项说明 000571,000571-2017.pdf,,000571.SZ
000571-2018,胡世佳,571,ST 大洲,2018-12-31,2019-04-25,无法发表意见,董事会 审计意见 专项说明 000571,000571-2018.pdf,,000571.SZ
000571-2019,胡世佳,571,ST 大洲,2019-12-31,2020-04-28,保留意见加事项段,董事会 审计意见 专项说明 000571,000571-2019.pdf,,000571.SZ
000585-2017,胡世佳,585,*ST 东电,2017-12-31,2018-03-29,无保留意见加事项段,董事会 审计意见 专项说明 000585,000585-2017.pdf,,000585.SZ
000585-2018,胡世佳,585,*ST 东电,2018-12-31,2019-03-28,无保留意见加事项段,董事会 审计意见 专项说明 000585,000585-2018.pdf,,000585.SZ
000585-2019,胡世佳,585,*ST 东电,2019-12-31,2020-04-29,无保留意见加事项段,董事会 审计意见 专项说明 000585,000585-2019.pdf,,000585.SZ
000585-2020,胡世佳,585,*ST 东电,2020-12-31,2021-03-29,无保留意见加事项段,董事会 审计意见 专项说明 000585,000585-2020.pdf,,000585.SZ
000587-2018,胡世佳,587,*ST 金洲,2018-12-31,2019-04-29,保留意见,董事会 审计意见 专项说明 000587,000587-2018.pdf,,000587.SZ
000587-2019,胡世佳,587,*ST 金洲,2019-12-31,2020-04-29,保留意见加事项段,董事会 审计意见 专项说明 000587,000587-2019.pdf,,000587.SZ
000587-2020,胡世佳,587,*ST 金洲,2020-12-31,2021-04-28,保留意见加事项段,董事会 审计意见 专项说明 000587,000587-2020.pdf,,000587.SZ
000595-2019,胡世佳,595,宝塔实业,2019-12-31,2020-04-26,无保留意见加事项段,董事会 审计意见 专项说明 000595,000595-2019.pdf,,000595.SZ
000606-2020,胡世佳,606,ST 顺利,2020-12-31,2021-04-28,保留意见,董事会 审计意见 专项说明 000606,000606-2020.pdf,,000606.SZ
000609-2020,胡世佳,609,*ST 中迪,2020-12-31,2021-04-28,无保留意见加事项段,董事会 审计意见 专项说明 000609,000609-2020.pdf,,000609.SZ
000611-2017,胡世佳,611,*ST 天首,2017-12-31,2018-04-26,无保留意见加事项段,董事会 审计意见 专项说明 000611,000611-2017.pdf,,000611.SZ
000611-2018,胡世佳,611,*ST 天首,2018-12-31,2019-04-28,无保留意见加事项段,董事会 审计意见 专项说明 000611,000611-2018.pdf,,000611.SZ
000611-2020,胡世佳,611,*ST 天首,2020-12-31,2021-04-28,保留意见加事项段,董事会 审计意见 专项说明 000611,000611-2020.pdf,,000611.SZ
000616-2019,胡世佳,616,ST 海投,2019-12-31,2020-04-28,无保留意见加事项段,董事会 审计意见 专项说明 000616,000616-2019.pdf,,000616.SZ
000616-2020,胡世佳,616,ST 海投,2020-12-31,2021-04-28,保留意见,董事会 审计意见 专项说明 000616,000616-2020.pdf,,000616.SZ
000620-2019,胡世佳,620,新华联,2019-12-31,2020-06-16,保留意见加事项段,董事会 审计意见 专项说明 000620,000620-2019.pdf,,000620.SZ
000620-2020,胡世佳,620,新华联,2020-12-31,2021-04-28,无保留意见加事项段,董事会 审计意见 专项说明 000620,000620-2020.pdf,,000620.SZ
000626-2017,胡世佳,626,远大控股,2017-12-31,2018-04-26,保留意见,董事会 审计意见 专项说明 000626,000626-2017.pdf,,000626.SZ
000626-2018,胡世佳,626,远大控股,2018-12-31,2019-03-19,保留意见,董事会 审计意见 专项说明 000626,000626-2018.pdf,,000626.SZ
000626-2019,胡世佳,626,远大控股,2019-12-31,2020-04-22,保留意见,董事会 审计意见 专项说明 000626,000626-2019.pdf,,000626.SZ
000662-2018,胡世佳,662,天夏退,2018-12-31,2019-04-29,无保留意见加事项段,董事会 审计意见 专项说明 000662,000662-2018.pdf,,000662.SZ
000662-2019,胡世佳,662,天夏退,2019-12-31,2020-06-30,无法发表意见,董事会 审计意见 专项说明 000662,000662-2019.pdf,,000662.SZ
000663-2018,胡世佳,663,永安林业,2018-12-31,2019-04-28,保留意见,董事会 审计意见 专项说明 000663,000663-2018.pdf,,000663.SZ
000663-2019,胡世佳,663,永安林业,2019-12-31,2020-04-28,保留意见,董事会 审计意见 专项说明 000663,000663-2019.pdf,,000663.SZ
000663-2020,胡世佳,663,永安林业,2020-12-31,2021-04-29,无保留意见加事项段,董事会 审计意见 专项说明 000663,000663-2020.pdf,,000663.SZ
000669-2018,胡世佳,669,ST 金鸿,2018-12-31,2019-04-26,无保留意见加事项段,董事会 审计意见 专项说明 000669,000669-2018.pdf,,000669.SZ
000669-2019,胡世佳,669,ST 金鸿,2019-12-31,2020-04-29,无保留意见加事项段,董事会 审计意见 专项说明 000669,000669-2019.pdf,,000669.SZ
000669-2020,胡世佳,669,ST 金鸿,2020-12-31,2021-04-29,无保留意见加事项段,董事会 审计意见 专项说明 000669,000669-2020.pdf,,000669.SZ
000670-2017,胡世佳,670,*ST 盈方,2017-12-31,2018-04-20,保留意见加事项段,董事会 审计意见 专项说明 000670,000670-2017.pdf,,000670.SZ
000670-2018,胡世佳,670,*ST 盈方,2018-12-31,2019-04-19,保留意见加事项段,董事会 审计意见 专项说明 000670,000670-2018.pdf,,000670.SZ
000670-2019,胡世佳,670,*ST 盈方,2019-12-31,2020-03-18,保留意见加事项段,董事会 审计意见 专项说明 000670,000670-2019.pdf,,000670.SZ
000673-2019,胡世佳,673,*ST 当代,2019-12-31,2020-04-26,无保留意见加事项段,董事会 审计意见 专项说明 000673,000673-2019.pdf,,000673.SZ
000673-2020,胡世佳,673,*ST 当代,2020-12-31,2021-04-27,无保留意见加事项段,董事会 审计意见 专项说明 000673,000673-2020.pdf,,000673.SZ
000679-2019,胡世佳,679,大连友谊,2019-12-31,2020-04-27,无保留意见加事项段,董事会 审计意见 专项说明 000679,000679-2019.pdf,,000679.SZ
000687-2019,胡世佳,687,*ST 华讯,2019-12-31,2020-06-12,无法发表意见,董事会 审计意见 专项说明 000687,000687-2019.pdf,,000687.SZ
000687-2020,胡世佳,687,*ST 华讯,2020-12-31,2021-04-29,无法发表意见,董事会 审计意见 专项说明 000687,000687-2020.pdf,,000687.SZ
000691-2017,胡世佳,691,亚太实业,2017-12-31,2018-04-09,无保留意见加事项段,董事会 审计意见 专项说明 000691,000691-2017.pdf,,000691.SZ
000691-2018,胡世佳,691,亚太实业,2018-12-31,2019-04-25,无保留意见加事项段,董事会 审计意见 专项说明 000691,000691-2018.pdf,,000691.SZ
000691-2019,胡世佳,691,亚太实业,2019-12-31,2020-04-27,无保留意见加事项段,董事会 审计意见 专项说明 000691,000691-2019.pdf,,000691.SZ
000693-2017,胡世佳,693,华泽退,2017-12-31,2018-06-28,无法发表意见,董事会 审计意见 专项说明 000693,000693-2017.pdf,,000693.SZ
000707-2020,胡世佳,707,*ST 双环,2020-12-31,2021-03-03,无保留意见加事项段,董事会 审计意见 专项说明 000707,000707-2020.pdf,,000707.SZ
000732-2019,胡世佳,732,泰禾集团,2019-12-31,2020-06-12,无保留意见加事项段,董事会 审计意见 专项说明 000732,000732-2019.pdf,,000732.SZ
000732-2020,胡世佳,732,泰禾集团,2020-12-31,2021-04-28,保留意见加事项段,董事会 审计意见 专项说明 000732,000732-2020.pdf,,000732.SZ
000737-2017,胡世佳,737,南风化工,2017-12-31,2018-02-11,无保留意见加事项段,董事会 审计意见 专项说明 000737,000737-2017.pdf,,000737.SZ
000752-2018,胡世佳,752,*ST 西发,2018-12-31,2019-04-26,无法发表意见,董事会 审计意见 专项说明 000752,000752-2018.pdf,,000752.SZ
000752-2019,胡世佳,752,*ST 西发,2019-12-31,2020-04-28,保留意见,董事会 审计意见 专项说明 000752,000752-2019.pdf,,000752.SZ
000752-2020,胡世佳,752,*ST 西发,2020-12-31,2021-04-27,无保留意见加事项段,董事会 审计意见 专项说明 000752,000752-2020.pdf,,000752.SZ
000760-2017,胡世佳,760,斯太退,2017-12-31,2018-04-24,保留意见,董事会 审计意见 专项说明 000760,000760-2017.pdf,,000760.SZ
000760-2018,胡世佳,760,斯太退,2018-12-31,2019-04-30,保留意见,董事会 审计意见 专项说明 000760,000760-2018.pdf,,000760.SZ
000760-2019,胡世佳,760,斯太退,2019-12-31,2020-06-19,无法发表意见,董事会 审计意见 专项说明 000760,000760-2019.pdf,,000760.SZ
000760-2020,胡世佳,760,斯太退,2020-12-31,2021-07-05,无法发表意见,董事会 审计意见 专项说明 000760,000760-2020.pdf,,000760.SZ
000782-2019,胡世佳,782,美达股份,2019-12-31,2020-04-26,保留意见,董事会 审计意见 专项说明 000782,000782-2019.pdf,,000782.SZ
000788-2019,胡世佳,788,北大医药,2019-12-31,2020-05-28,保留意见,董事会 审计意见 专项说明 000788,000788-2019.pdf,,000788.SZ
000788-2020,胡世佳,788,北大医药,2020-12-31,2021-04-20,保留意见,董事会 审计意见 专项说明 000788,000788-2020.pdf,,000788.SZ
000792-2019,胡世佳,792,盐湖股份,2019-12-31,2020-04-30,无保留意见加事项段,董事会 审计意见 专项说明 000792,000792-2019.pdf,,000792.SZ
000802-2020,胡世佳,802,ST 北文,2020-12-31,2021-04-29,保留意见加事项段,董事会 审计意见 专项说明 000802,000802-2020.pdf,,000802.SZ
000803-2019,胡世佳,803,北清环能,2019-12-31,2020-04-29,无保留意见加事项段,董事会 审计意见 专项说明 000803,000803-2019.pdf,,000803.SZ
000806-2018,胡世佳,806,ST 银河,2018-12-31,2019-04-25,保留意见,董事会 审计意见 专项说明 000806,000806-2018.pdf,,000806.SZ
000806-2019,陈永源,806,ST 银河,2019-12-31,2020-05-27,无法发表意见,董事会 审计意见 专项说明 000806,000806-2019.pdf,,000806.SZ
000806-2020,陈永源,806,ST 银河,2020-12-31,2021-04-28,保留意见,董事会 审计意见 专项说明 000806,000806-2020.pdf,,000806.SZ
000813-2020,陈永源,813,德展健康,2020-12-31,2021-04-27,保留意见,董事会 审计意见 专项说明 000813,000813-2020.pdf,,000813.SZ
000820-2017,陈永源,820,*ST 节能,2017-12-31,2018-04-26,保留意见,董事会 审计意见 专项说明 000820,000820-2017.pdf,,000820.SZ
000820-2018,陈永源,820,*ST 节能,2018-12-31,2019-04-29,无法发表意见,董事会 审计意见 专项说明 000820,000820-2018.pdf,,000820.SZ
000820-2019,陈永源,820,*ST 节能,2019-12-31,2020-04-28,保留意见加事项段,董事会 审计意见 专项说明 000820,000820-2019.pdf,,000820.SZ
000820-2020,陈永源,820,*ST 节能,2020-12-31,2021-04-28,无保留意见加事项段,董事会 审计意见 专项说明 000820,000820-2020.pdf,,000820.SZ
000835-2018,陈永源,835,*ST 长动,2018-12-31,2019-04-28,无保留意见加事项段,董事会 审计意见 专项说明 000835,000835-2018.pdf,,000835.SZ
000835-2019,陈永源,835,*ST 长动,2019-12-31,2020-06-22,无法发表意见,董事会 审计意见 专项说明 000835,000835-2019.pdf,,000835.SZ
000835-2020,陈永源,835,*ST 长动,2020-12-31,2021-04-29,无法发表意见,董事会 审计意见 专项说明 000835,000835-2020.pdf,,000835.SZ
000868-2018,陈永源,868,安凯客车,2018-12-31,2019-04-12,无保留意见加事项段,董事会 审计意见 专项说明 000868,000868-2018.pdf,,000868.SZ
000886-2017,陈永源,886,海南高速,2017-12-31,2018-04-23,无保留意见加事项段,董事会 审计意见 专项说明 000886,000886-2017.pdf,,000886.SZ
000892-2017,陈永源,892,欢瑞世纪,2017-12-31,2018-04-25,无保留意见加事项段,董事会 审计意见 专项说明 000892,000892-2017.pdf,,000892.SZ
000892-2018,陈永源,892,欢瑞世纪,2018-12-31,2019-04-26,保留意见,董事会 审计意见 专项说明 000892,000892-2018.pdf,,000892.SZ
000892-2019,陈永源,892,欢瑞世纪,2019-12-31,2020-04-28,保留意见加事项段,董事会 审计意见 专项说明 000892,000892-2019.pdf,,000892.SZ
000892-2020,陈永源,892,欢瑞世纪,2020-12-31,2021-04-28,保留意见,董事会 审计意见 专项说明 000892,000892-2020.pdf,,000892.SZ
000893-2017,陈永源,893,亚钾国际,2017-12-31,2018-04-26,无法发表意见,董事会 审计意见 专项说明 000893,000893-2017.pdf,,000893.SZ
000908-2020,陈永源,908,景峰医药,2020-12-31,2021-04-28,无保留意见加事项段,董事会 审计意见 专项说明 000908,000908-2020.pdf,,000908.SZ
000912-2017,陈永源,912,泸天化,2017-12-31,2018-04-20,保留意见,董事会 审计意见 专项说明 000912,000912-2017.pdf,,000912.SZ
000912-2018,陈永源,912,泸天化,2018-12-31,2019-03-18,无保留意见加事项段,董事会 审计意见 专项说明 000912,000912-2018.pdf,,000912.SZ
000927-2017,陈永源,927,中国铁物,2017-12-31,2018-03-30,无保留意见加事项段,董事会 审计意见 专项说明 000927,000927-2017.pdf,,000927.SZ
000927-2018,陈永源,927,中国铁物,2018-12-31,2019-03-29,无保留意见加事项段,董事会 审计意见 专项说明 000927,000927-2018.pdf,,000927.SZ
000927-2019,陈永源,927,中国铁物,2019-12-31,2020-04-08,无保留意见加事项段,董事会 审计意见 专项说明 000927,000927-2019.pdf,,000927.SZ
000939-2017,陈永源,939,凯迪退,2017-12-31,2018-06-28,无法发表意见,董事会 审计意见 专项说明 000939,000939-2017.pdf,,000939.SZ
000939-2018,陈永源,939,凯迪退,2018-12-31,2019-04-25,无法发表意见,董事会 审计意见 专项说明 000939,000939-2018.pdf,,000939.SZ
000939-2019,陈永源,939,凯迪退,2019-12-31,2020-09-29,无法发表意见,董事会 审计意见 专项说明 000939,000939-2019.pdf,,000939.SZ
000953-2017,陈永源,953,河化股份,2017-12-31,2018-02-26,无保留意见加事项段,董事会 审计意见 专项说明 000953,000953-2017.pdf,,000953.SZ
000953-2018,陈永源,953,河化股份,2018-12-31,2019-03-11,无保留意见加事项段,董事会 审计意见 专项说明 000953,000953-2018.pdf,,000953.SZ
000962-2017,陈永源,962,东方钽业,2017-12-31,2018-04-15,无保留意见加事项段,董事会 审计意见 专项说明 000962,000962-2017.pdf,,000962.SZ
000971-2018,陈永源,971,ST 高升,2018-12-31,2019-04-25,无法发表意见,董事会 审计意见 专项说明 000971,000971-2018.pdf,,000971.SZ
000971-2019,陈永源,971,ST 高升,2019-12-31,2020-04-27,保留意见,董事会 审计意见 专项说明 000971,000971-2019.pdf,,000971.SZ
000971-2020,陈永源,971,ST 高升,2020-12-31,2021-04-27,保留意见,董事会 审计意见 专项说明 000971,000971-2020.pdf,,000971.SZ
000972-2018,陈永源,972,*ST 中基,2018-12-31,2019-04-28,无保留意见加事项段,董事会 审计意见 专项说明 000972,000972-2018.pdf,,000972.SZ
000972-2019,陈永源,972,*ST 中基,2019-12-31,2020-04-15,无保留意见加事项段,董事会 审计意见 专项说明 000972,000972-2019.pdf,,000972.SZ
000972-2020,陈永源,972,*ST 中基,2020-12-31,2021-04-21,无保留意见加事项段,董事会 审计意见 专项说明 000972,000972-2020.pdf,,000972.SZ
000979-2017,陈永源,979,中弘退,2017-12-31,2018-04-28,保留意见,董事会 审计意见 专项说明 000979,000979-2017.pdf,,000979.SZ
000980-2019,陈永源,980,*ST 众泰,2019-12-31,2020-06-22,无法发表意见,董事会 审计意见 专项说明 000980,000980-2019.pdf,,000980.SZ
000980-2020,陈永源,980,*ST 众泰,2020-12-31,2021-04-28,保留意见加事项段,董事会 审计意见 专项说明 000980,000980-2020.pdf,,000980.SZ
000981-2018,陈永源,981,*ST 银亿,2018-12-31,2019-04-29,保留意见,董事会 审计意见 专项说明 000981,000981-2018.pdf,,000981.SZ
000981-2019,陈永源,981,*ST 银亿,2019-12-31,2020-06-19,保留意见加事项段,董事会 审计意见 专项说明 000981,000981-2019.pdf,,000981.SZ
000981-2020,陈永源,981,*ST 银亿,2020-12-31,2021-04-29,保留意见,董事会 审计意见 专项说明 000981,000981-2020.pdf,,000981.SZ
000982-2017,陈永源,982,中银绒业,2017-12-31,2018-04-26,保留意见,董事会 审计意见 专项说明 000982,000982-2017.pdf,,000982.SZ
000982-2018,陈永源,982,中银绒业,2018-12-31,2019-04-27,保留意见,董事会 审计意见 专项说明 000982,000982-2018.pdf,,000982.SZ
000982-2019,陈永源,982,中银绒业,2019-12-31,2020-04-27,无保留意见加事项段,董事会 审计意见 专项说明 000982,000982-2019.pdf,,000982.SZ
000995-2017,陈永源,995,皇台酒业,2017-12-31,2018-04-24,无保留意见加事项段,董事会 审计意见 专项说明 000995,000995-2017.pdf,,000995.SZ
000995-2018,陈永源,995,皇台酒业,2018-12-31,2019-04-23,无保留意见加事项段,董事会 审计意见 专项说明 000995,000995-2018.pdf,,000995.SZ
000995-2019,陈永源,995,皇台酒业,2019-12-31,2020-04-27,无保留意见加事项段,董事会 审计意见 专项说明 000995,000995-2019.pdf,,000995.SZ
002002-2020,陈永源,2002,鸿达兴业,2020-12-31,2021-03-29,无保留意见加事项段,董事会 审计意见 专项说明 002002,002002-2020.pdf,,002002.SZ
002005-2018,陈永源,2005,ST 德豪,2018-12-31,2019-04-24,保留意见,董事会 审计意见 专项说明 002005,002005-2018.pdf,,002005.SZ
002005-2020,陈永源,2005,ST 德豪,2020-12-31,2021-04-28,无保留意见加事项段,董事会 审计意见 专项说明 002005,002005-2020.pdf,,002005.SZ
002006-2019,陈永源,2006,精功科技,2019-12-31,2020-04-14,无保留意见加事项段,董事会 审计意见 专项说明 002006,002006-2019.pdf,,002006.SZ
002006-2020,陈永源,2006,精功科技,2020-12-31,2021-04-15,无保留意见加事项段,董事会 审计意见 专项说明 002006,002006-2020.pdf,,002006.SZ
002015-2017,陈永源,2015,协鑫能科,2017-12-31,2018-04-18,无保留意见加事项段,董事会 审计意见 专项说明 002015,002015-2017.pdf,,002015.SZ
002015-2018,陈永源,2015,协鑫能科,2018-12-31,2019-04-17,无保留意见加事项段,董事会 审计意见 专项说明 002015,002015-2018.pdf,,002015.SZ
002018-2017,陈永源,2018,华信退,2017-12-31,2018-04-25,无法发表意见,董事会 审计意见 专项说明 002018,002018-2017.pdf,,002018.SZ
002018-2018,陈永源,2018,华信退,2018-12-31,2019-04-28,保留意见,董事会 审计意见 专项说明 002018,002018-2018.pdf,,002018.SZ
002021-2017,陈永源,2021,ST 中捷,2017-12-31,2018-04-25,无保留意见加事项段,董事会 审计意见 专项说明 002021,002021-2017.pdf,,002021.SZ
002021-2018,陈永源,2021,ST 中捷,2018-12-31,2019-04-26,保留意见,董事会 审计意见 专项说明 002021,002021-2018.pdf,,002021.SZ
002021-2019,陈永源,2021,ST 中捷,2019-12-31,2020-04-27,无保留意见加事项段,董事会 审计意见 专项说明 002021,002021-2019.pdf,,002021.SZ
002021-2020,陈永源,2021,ST 中捷,2020-12-31,2021-04-28,无保留意见加事项段,董事会 审计意见 专项说明 002021,002021-2020.pdf,,002021.SZ
002040-2020,陈俊霖,2040,南京港,2020-12-31,2021-04-27,无保留意见加事项段,董事会 审计意见 专项说明 002040,002040-2020.pdf,,002040.SZ
002052-2019,陈俊霖,2052,ST 同洲,2019-12-31,2020-04-28,保留意见,董事会 审计意见 专项说明 002052,002052-2019.pdf,,002052.SZ
002052-2020,陈俊霖,2052,ST 同洲,2020-12-31,2021-04-27,无保留意见加事项段,董事会 审计意见 专项说明 002052,002052-2020.pdf,,002052.SZ
002069-2017,陈俊霖,2069,獐子岛,2017-12-31,2018-04-26,保留意见,董事会 审计意见 专项说明 002069,002069-2017.pdf,,002069.SZ
002069-2018,陈俊霖,2069,獐子岛,2018-12-31,2019-04-26,保留意见,董事会 审计意见 专项说明 002069,002069-2018.pdf,,002069.SZ
002069-2019,陈俊霖,2069,獐子岛,2019-12-31,2020-04-28,保留意见加事项段,董事会 审计意见 专项说明 002069,002069-2019.pdf,,002069.SZ
002069-2020,陈俊霖,2069,獐子岛,2020-12-31,2021-04-27,保留意见加事项段,董事会 审计意见 专项说明 002069,002069-2020.pdf,,002069.SZ
002070-2017,陈俊霖,2070,众和退,2017-12-31,2018-04-27,无法发表意见,董事会 审计意见 专项说明 002070,002070-2017.pdf,,002070.SZ
002070-2018,陈俊霖,2070,众和退,2018-12-31,2019-04-29,无法发表意见,董事会 审计意见 专项说明 002070,002070-2018.pdf,,002070.SZ
002071-2018,陈俊霖,2071,长城退,2018-12-31,2019-04-26,无保留意见加事项段,董事会 审计意见 专项说明 002071,002071-2018.pdf,,002071.SZ
002071-2019,陈俊霖,2071,长城退,2019-12-31,2020-06-17,无法发表意见,董事会 审计意见 专项说明 002071,002071-2019.pdf,,002071.SZ
002071-2020,陈俊霖,2071,长城退,2020-12-31,2021-04-27,无法发表意见,董事会 审计意见 专项说明 002071,002071-2020.pdf,,002071.SZ
002072-2017,陈俊霖,2072,*ST 凯瑞,2017-12-31,2018-04-26,保留意见,董事会 审计意见 专项说明 002072,002072-2017.pdf,,002072.SZ
002072-2018,陈俊霖,2072,*ST 凯瑞,2018-12-31,2019-04-28,无法发表意见,董事会 审计意见 专项说明 002072,002072-2018.pdf,,002072.SZ
002072-2019,陈俊霖,2072,*ST 凯瑞,2019-12-31,2020-04-28,保留意见加事项段,董事会 审计意见 专项说明 002072,002072-2019.pdf,,002072.SZ
002072-2020,陈俊霖,2072,*ST 凯瑞,2020-12-31,2021-01-28,保留意见加事项段,董事会 审计意见 专项说明 002072,002072-2020.pdf,,002072.SZ
002074-2019,陈俊霖,2074,国轩高科,2019-12-31,2020-04-29,无保留意见加事项段,董事会 审计意见 专项说明 002074,002074-2019.pdf,,002074.SZ
002076-2018,陈俊霖,2076,ST 雪莱,2018-12-31,2019-04-25,无保留意见加事项段,董事会 审计意见 专项说明 002076,002076-2018.pdf,,002076.SZ
002076-2019,陈俊霖,2076,ST 雪莱,2019-12-31,2020-04-27,无保留意见加事项段,董事会 审计意见 专项说明 002076,002076-2019.pdf,,002076.SZ
002076-2020,陈俊霖,2076,ST 雪莱,2020-12-31,2021-04-27,无保留意见加事项段,董事会 审计意见 专项说明 002076,002076-2020.pdf,,002076.SZ
002083-2019,陈俊霖,2083,孚日股份,2019-12-31,2020-06-29,保留意见,董事会 审计意见 专项说明 002083,002083-2019.pdf,,002083.SZ
002085-2019,陈俊霖,2085,万丰奥威,2019-12-31,2020-06-22,保留意见,董事会 审计意见 专项说明 002085,002085-2019.pdf,,002085.SZ
002086-2019,陈俊霖,2086,*ST 东洋,2019-12-31,2020-06-29,无法发表意见,董事会 审计意见 专项说明 002086,002086-2019.pdf,,002086.SZ
002086-2020,陈俊霖,2086,*ST 东洋,2020-12-31,2021-04-29,保留意见加事项段,董事会 审计意见 专项说明 002086,002086-2020.pdf,,002086.SZ
002089-2018,陈俊霖,2089,ST 新海,2018-12-31,2019-04-28,保留意见,董事会 审计意见 专项说明 002089,002089-2018.pdf,,002089.SZ
002089-2019,陈俊霖,2089,ST 新海,2019-12-31,2020-06-07,保留意见加事项段,董事会 审计意见 专项说明 002089,002089-2019.pdf,,002089.SZ
002089-2020,陈俊霖,2089,ST 新海,2020-12-31,2021-04-26,无保留意见加事项段,董事会 审计意见 专项说明 002089,002089-2020.pdf,,002089.SZ
002098-2018,陈俊霖,2098,浔兴股份,2018-12-31,2019-04-29,无保留意见加事项段,董事会 审计意见 专项说明 002098,002098-2018.pdf,,002098.SZ
002098-2019,陈俊霖,2098,浔兴股份,2019-12-31,2020-04-28,无保留意见加事项段,董事会 审计意见 专项说明 002098,002098-2019.pdf,,002098.SZ
002098-2020,陈俊霖,2098,浔兴股份,2020-12-31,2021-04-28,无保留意见加事项段,董事会 审计意见 专项说明 002098,002098-2020.pdf,,002098.SZ
002102-2018,陈俊霖,2102,ST 冠福,2018-12-31,2019-04-27,保留意见,董事会 审计意见 专项说明 002102,002102-2018.pdf,,002102.SZ
002102-2019,陈俊霖,2102,ST 冠福,2019-12-31,2020-04-25,保留意见加事项段,董事会 审计意见 专项说明 002102,002102-2019.pdf,,002102.SZ
002102-2020,陈俊霖,2102,ST 冠福,2020-12-31,2021-04-17,保留意见,董事会 审计意见 专项说明 002102,002102-2020.pdf,,002102.SZ
002113-2017,陈俊霖,2113,ST 天润,2017-12-31,2018-04-16,无保留意见加事项段,董事会 审计意见 专项说明 002113,002113-2017.pdf,,002113.SZ
002113-2018,陈俊霖,2113,ST 天润,2018-12-31,2019-04-24,保留意见,董事会 审计意见 专项说明 002113,002113-2018.pdf,,002113.SZ
002113-2019,陈俊霖,2113,ST 天润,2019-12-31,2020-04-26,保留意见加事项段,董事会 审计意见 专项说明 002113,002113-2019.pdf,,002113.SZ
002113-2020,陈俊霖,2113,ST 天润,2020-12-31,2021-04-28,保留意见加事项段,董事会 审计意见 专项说明 002113,002113-2020.pdf,,002113.SZ
002118-2020,陈俊霖,2118,紫鑫药业,2020-12-31,2021-04-29,无保留意见加事项段,董事会 审计意见 专项说明 002118,002118-2020.pdf,,002118.SZ
002121-2018,陈俊霖,2121,科陆电子,2018-12-31,2019-04-20,无保留意见加事项段,董事会 审计意见 专项说明 002121,002121-2018.pdf,,002121.SZ
002122-2017,陈俊霖,2122,ST 天马,2017-12-31,2018-04-27,无法发表意见,董事会 审计意见 专项说明 002122,002122-2017.pdf,,002122.SZ
002122-2018,陈俊霖,2122,ST 天马,2018-12-31,2019-04-28,无保留意见加事项段,董事会 审计意见 专项说明 002122,002122-2018.pdf,,002122.SZ
002122-2019,陈俊霖,2122,ST 天马,2019-12-31,2020-04-28,无保留意见加事项段,董事会 审计意见 专项说明 002122,002122-2019.pdf,,002122.SZ
002124-2018,陈俊霖,2124,天邦股份,2018-12-31,2019-04-22,无保留意见加事项段,董事会 审计意见 专项说明 002124,002124-2018.pdf,,002124.SZ
002143-2018,陈俊霖,2143,印纪退,2018-12-31,2019-04-26,无法发表意见,董事会 审计意见 专项说明 002143,002143-2018.pdf,,002143.SZ
002147-2018,陈俊霖,2147,*ST 新光,2018-12-31,2019-04-25,保留意见,董事会 审计意见 专项说明 002147,002147-2018.pdf,,002147.SZ
002147-2019,陈俊霖,2147,*ST 新光,2019-12-31,2020-04-26,保留意见加事项段,董事会 审计意见 专项说明 002147,002147-2019.pdf,,002147.SZ
002147-2020,陈俊霖,2147,*ST 新光,2020-12-31,2021-04-28,保留意见加事项段,董事会 审计意见 专项说明 002147,002147-2020.pdf,,002147.SZ
002164-2018,陈俊霖,2164,宁波东力,2018-12-31,2019-04-25,保留意见,董事会 审计意见 专项说明 002164,002164-2018.pdf,,002164.SZ
002164-2019,陈俊霖,2164,宁波东力,2019-12-31,2020-04-24,无保留意见加事项段,董事会 审计意见 专项说明 002164,002164-2019.pdf,,002164.SZ
002164-2020,陈俊霖,2164,宁波东力,2020-12-31,2021-04-23,无保留意见加事项段,董事会 审计意见 专项说明 002164,002164-2020.pdf,,002164.SZ
002168-2020,陈俊霖,2168,惠程科技,2020-12-31,2021-04-29,保留意见,董事会 审计意见 专项说明 002168,002168-2020.pdf,,002168.SZ
002173-2019,陈俊霖,2173,创新医疗,2019-12-31,2020-04-28,保留意见加事项段,董事会 审计意见 专项说明 002173,002173-2019.pdf,,002173.SZ
002173-2020,陈俊霖,2173,创新医疗,2020-12-31,2021-04-26,保留意见加事项段,董事会 审计意见 专项说明 002173,002173-2020.pdf,,002173.SZ
002174-2020,陈俊霖,2174,游族网络,2020-12-31,2021-04-28,无保留意见加事项段,董事会 审计意见 专项说明 002174,002174-2020.pdf,,002174.SZ
002175-2018,陈俊霖,2175,*ST 东网,2018-12-31,2019-04-25,无法发表意见,董事会 审计意见 专项说明 002175,002175-2018.pdf,,002175.SZ
002175-2019,陈俊霖,2175,*ST 东网,2019-12-31,2020-03-17,保留意见加事项段,董事会 审计意见 专项说明 002175,002175-2019.pdf,,002175.SZ
002175-2020,陈俊霖,2175,*ST 东网,2020-12-31,2021-04-29,保留意见加事项段,董事会 审计意见 专项说明 002175,002175-2020.pdf,,002175.SZ
002181-2017,陈俊霖,2181,粤传媒,2017-12-31,2018-04-18,无保留意见加事项段,董事会 审计意见 专项说明 002181,002181-2017.pdf,,002181.SZ
002181-2018,陈俊霖,2181,粤传媒,2018-12-31,2019-03-01,无保留意见加事项段,董事会 审计意见 专项说明 002181,002181-2018.pdf,,002181.SZ
002181-2019,陈俊霖,2181,粤传媒,2019-12-31,2020-03-05,无保留意见加事项段,董事会 审计意见 专项说明 002181,002181-2019.pdf,,002181.SZ
002181-2020,秦靖博,2181,粤传媒,2020-12-31,2021-03-29,无保留意见加事项段,董事会 审计意见 专项说明 002181,002181-2020.pdf,,002181.SZ
002188-2017,秦靖博,2188,*ST 巴士,2017-12-31,2018-04-25,无法发表意见,董事会 审计意见 专项说明 002188,002188-2017.pdf,,002188.SZ
002188-2018,秦靖博,2188,*ST 巴士,2018-12-31,2019-01-29,保留意见,董事会 审计意见 专项说明 002188,002188-2018.pdf,,002188.SZ
002188-2019,秦靖博,2188,*ST 巴士,2019-12-31,2020-04-23,无保留意见加事项段,董事会 审计意见 专项说明 002188,002188-2019.pdf,,002188.SZ
002188-2020,秦靖博,2188,*ST 巴士,2020-12-31,2021-02-04,无保留意见加事项段,董事会 审计意见 专项说明 002188,002188-2020.pdf,,002188.SZ
002193-2019,秦靖博,2193,如意集团,2019-12-31,2020-05-27,保留意见,董事会 审计意见 专项说明 002193,002193-2019.pdf,,002193.SZ
002193-2020,秦靖博,2193,如意集团,2020-12-31,2021-04-29,保留意见,董事会 审计意见 专项说明 002193,002193-2020.pdf,,002193.SZ
002198-2019,秦靖博,2198,嘉应制药,2019-12-31,2020-04-23,保留意见,董事会 审计意见 专项说明 002198,002198-2019.pdf,,002198.SZ
002200-2017,秦靖博,2200,ST 云投,2017-12-31,2018-04-24,保留意见,董事会 审计意见 专项说明 002200,002200-2017.pdf,,002200.SZ
002200-2020,秦靖博,2200,ST 云投,2020-12-31,2021-04-27,无保留意见加事项段,董事会 审计意见 专项说明 002200,002200-2020.pdf,,002200.SZ
002207-2017,秦靖博,2207,准油股份,2017-12-31,2018-04-24,保留意见,董事会 审计意见 专项说明 002207,002207-2017.pdf,,002207.SZ
002210-2018,秦靖博,2210,*ST 飞马,2018-12-31,2019-04-28,无法发表意见,董事会 审计意见 专项说明 002210,002210-2018.pdf,,002210.SZ
002210-2019,秦靖博,2210,*ST 飞马,2019-12-31,2020-06-28,保留意见加事项段,董事会 审计意见 专项说明 002210,002210-2019.pdf,,002210.SZ
002210-2020,秦靖博,2210,*ST 飞马,2020-12-31,2021-04-27,无保留意见加事项段,董事会 审计意见 专项说明 002210,002210-2020.pdf,,002210.SZ
002219-2018,秦靖博,2219,*ST 恒康,2018-12-31,2019-04-29,无保留意见加事项段,董事会 审计意见 专项说明 002219,002219-2018.pdf,,002219.SZ
002219-2019,秦靖博,2219,*ST 恒康,2019-12-31,2020-04-29,无保留意见加事项段,董事会 审计意见 专项说明 002219,002219-2019.pdf,,002219.SZ
002219-2020,秦靖博,2219,*ST 恒康,2020-12-31,2021-04-28,无保留意见加事项段,董事会 审计意见 专项说明 002219,002219-2020.pdf,,002219.SZ
002220-2018,秦靖博,2220,天宝退,2018-12-31,2019-04-26,保留意见,董事会 审计意见 专项说明 002220,002220-2018.pdf,,002220.SZ
002220-2019,秦靖博,2220,天宝退,2019-12-31,2020-05-29,无法发表意见,董事会 审计意见 专项说明 002220,002220-2019.pdf,,002220.SZ
002224-2019,秦靖博,2224,三力士,2019-12-31,2020-05-28,无保留意见加事项段,董事会 审计意见 专项说明 002224,002224-2019.pdf,,002224.SZ
002229-2019,秦靖博,2229,鸿博股份,2019-12-31,2020-04-26,无保留意见加事项段,董事会 审计意见 专项说明 002229,002229-2019.pdf,,002229.SZ
002247-2018,秦靖博,2247,聚力文化,2018-12-31,2019-04-29,保留意见,董事会 审计意见 专项说明 002247,002247-2018.pdf,,002247.SZ
002247-2019,秦靖博,2247,聚力文化,2019-12-31,2020-04-28,保留意见,董事会 审计意见 专项说明 002247,002247-2019.pdf,,002247.SZ
002247-2020,秦靖博,2247,聚力文化,2020-12-31,2021-04-20,保留意见,董事会 审计意见 专项说明 002247,002247-2020.pdf,,002247.SZ
002248-2017,秦靖博,2248,华东数控,2017-12-31,2018-03-29,无保留意见加事项段,董事会 审计意见 专项说明 002248,002248-2017.pdf,,002248.SZ
002248-2018,秦靖博,2248,华东数控,2018-12-31,2019-03-29,无保留意见加事项段,董事会 审计意见 专项说明 002248,002248-2018.pdf,,002248.SZ
002248-2019,秦靖博,2248,华东数控,2019-12-31,2020-04-01,无保留意见加事项段,董事会 审计意见 专项说明 002248,002248-2019.pdf,,002248.SZ
002255-2019,秦靖博,2255,海陆重工,2019-12-31,2020-04-27,保留意见,董事会 审计意见 专项说明 002255,002255-2019.pdf,,002255.SZ
002256-2019,秦靖博,2256,兆新股份,2019-12-31,2020-04-29,保留意见加事项段,董事会 审计意见 专项说明 002256,002256-2019.pdf,,002256.SZ
002259-2017,秦靖博,2259,ST 升达,2017-12-31,2018-04-25,无保留意见加事项段,董事会 审计意见 专项说明 002259,002259-2017.pdf,,002259.SZ
002259-2018,秦靖博,2259,ST 升达,2018-12-31,2019-04-28,无法发表意见,董事会 审计意见 专项说明 002259,002259-2018.pdf,,002259.SZ
002259-2019,秦靖博,2259,ST 升达,2019-12-31,2020-04-28,保留意见,董事会 审计意见 专项说明 002259,002259-2019.pdf,,002259.SZ
002259-2020,秦靖博,2259,ST 升达,2020-12-31,2021-03-29,保留意见,董事会 审计意见 专项说明 002259,002259-2020.pdf,,002259.SZ
002260-2017,秦靖博,2260,*ST 德奥,2017-12-31,2018-04-25,无保留意见加事项段,董事会 审计意见 专项说明 002260,002260-2017.pdf,,002260.SZ
002260-2018,秦靖博,2260,*ST 德奥,2018-12-31,2019-04-25,无保留意见加事项段,董事会 审计意见 专项说明 002260,002260-2018.pdf,,002260.SZ
002260-2019,秦靖博,2260,*ST 德奥,2019-12-31,2020-06-28,无保留意见加事项段,董事会 审计意见 专项说明 002260,002260-2019.pdf,,002260.SZ
002260-2020,秦靖博,2260,*ST 德奥,2020-12-31,2021-04-26,无保留意见加事项段,董事会 审计意见 专项说明 002260,002260-2020.pdf,,002260.SZ
002263-2018,秦靖博,2263,大东南,2018-12-31,2019-06-27,无保留意见加事项段,董事会 审计意见 专项说明 002263,002263-2018.pdf,,002263.SZ
002268-2018,秦靖博,2268,卫士通,2018-12-31,2019-04-24,无保留意见加事项段,董事会 审计意见 专项说明 002268,002268-2018.pdf,,002268.SZ
002268-2019,秦靖博,2268,卫士通,2019-12-31,2020-04-27,无保留意见加事项段,董事会 审计意见 专项说明 002268,002268-2019.pdf,,002268.SZ
002268-2020,秦靖博,2268,卫士通,2020-12-31,2021-04-20,无保留意见加事项段,董事会 审计意见 专项说明 002268,002268-2020.pdf,,002268.SZ
002279-2018,秦靖博,2279,久其软件,2018-12-31,2019-04-26,保留意见,董事会 审计意见 专项说明 002279,002279-2018.pdf,,002279.SZ
002279-2019,秦靖博,2279,久其软件,2019-12-31,2020-04-23,无保留意见加事项段,董事会 审计意见 专项说明 002279,002279-2019.pdf,,002279.SZ
002280-2019,秦靖博,2280,联络互动,2019-12-31,2020-06-23,保留意见,董事会 审计意见 专项说明 002280,002280-2019.pdf,,002280.SZ
002288-2017,秦靖博,2288,超华科技,2017-12-31,2018-04-24,保留意见,董事会 审计意见 专项说明 002288,002288-2017.pdf,,002288.SZ
002290-2018,秦靖博,2290,禾盛新材,2018-12-31,2019-04-28,无法发表意见,董事会 审计意见 专项说明 002290,002290-2018.pdf,,002290.SZ
002290-2019,秦靖博,2290,禾盛新材,2019-12-31,2020-04-27,保留意见,董事会 审计意见 专项说明 002290,002290-2019.pdf,,002290.SZ
002306-2017,秦靖博,2306,中科云网,2017-12-31,2018-04-22,无保留意见加事项段,董事会 审计意见 专项说明 002306,002306-2017.pdf,,002306.SZ
002306-2018,秦靖博,2306,中科云网,2018-12-31,2019-02-28,无保留意见加事项段,董事会 审计意见 专项说明 002306,002306-2018.pdf,,002306.SZ
002309-2020,秦靖博,2309,中利集团,2020-12-31,2021-04-27,保留意见,董事会 审计意见 专项说明 002309,002309-2020.pdf,,002309.SZ
002310-2018,秦靖博,2310,东方园林,2018-12-31,2019-04-19,无保留意见加事项段,董事会 审计意见 专项说明 002310,002310-2018.pdf,,002310.SZ
002321-2019,秦靖博,2321,*ST 华英,2019-12-31,2020-05-27,保留意见,董事会 审计意见 专项说明 002321,002321-2019.pdf,,002321.SZ
002321-2020,秦靖博,2321,*ST 华英,2020-12-31,2021-04-27,无法发表意见,董事会 审计意见 专项说明 002321,002321-2020.pdf,,002321.SZ
002323-2018,秦靖博,2323,*ST 雅博,2018-12-31,2019-04-25,无保留意见加事项段,董事会 审计意见 专项说明 002323,002323-2018.pdf,,002323.SZ
002323-2019,秦靖博,2323,*ST 雅博,2019-12-31,2020-04-29,无保留意见加事项段,董事会 审计意见 专项说明 002323,002323-2019.pdf,,002323.SZ
002323-2020,秦靖博,2323,*ST 雅博,2020-12-31,2021-04-29,无保留意见加事项段,董事会 审计意见 专项说明 002323,002323-2020.pdf,,002323.SZ
002331-2020,秦靖博,2331,皖通科技,2020-12-31,2021-04-27,保留意见,董事会 审计意见 专项说明 002331,002331-2020.pdf,,002331.SZ
002341-2018,秦靖博,2341,新纶新材,2018-12-31,2019-04-22,无保留意见加事项段,董事会 审计意见 专项说明 002341,002341-2018.pdf,,002341.SZ
002341-2019,秦靖博,2341,新纶新材,2019-12-31,2020-04-29,无保留意见加事项段,董事会 审计意见 专项说明 002341,002341-2019.pdf,,002341.SZ
002348-2020,秦靖博,2348,高乐股份,2020-12-31,2021-04-27,无保留意见加事项段,董事会 审计意见 专项说明 002348,002348-2020.pdf,,002348.SZ
002354-2018,,2354,天神娱乐,2018-12-31,2019-04-29,保留意见,董事会 审计意见 专项说明 002354,002354-2018.pdf,,002354.SZ
002354-2019,,2354,天神娱乐,2019-12-31,2020-04-28,无保留意见加事项段,董事会 审计意见 专项说明 002354,002354-2019.pdf,,002354.SZ
002356-2018,,2356,*ST 赫美,2018-12-31,2019-04-25,无法发表意见,董事会 审计意见 专项说明 002356,002356-2018.pdf,,002356.SZ
002356-2019,,2356,*ST 赫美,2019-12-31,2020-05-27,保留意见,董事会 审计意见 专项说明 002356,002356-2019.pdf,,002356.SZ
002356-2020,,2356,*ST 赫美,2020-12-31,2021-04-29,保留意见,董事会 审计意见 专项说明 002356,002356-2020.pdf,,002356.SZ
002358-2020,,2358,ST 森源,2020-12-31,2021-04-28,保留意见,董事会 审计意见 专项说明 002358,002358-2020.pdf,,002358.SZ
002359-2018,,2359,北讯退,2018-12-31,2019-04-29,无法发表意见,董事会 审计意见 专项说明 002359,002359-2018.pdf,,002359.SZ
002359-2019,,2359,北讯退,2019-12-31,2020-06-23,无法发表意见,董事会 审计意见 专项说明 002359,002359-2019.pdf,,002359.SZ
002359-2020,,2359,北讯退,2020-12-31,2021-06-25,无法发表意见,董事会 审计意见 专项说明 002359,002359-2020.pdf,,002359.SZ
002366-2019,,2366,台海核电,2019-12-31,2020-04-27,保留意见,董事会 审计意见 专项说明 002366,002366-2019.pdf,,002366.SZ
002366-2020,,2366,台海核电,2020-12-31,2021-04-29,保留意见,董事会 审计意见 专项说明 002366,002366-2020.pdf,,002366.SZ
002370-2019,,2370,亚太药业,2019-12-31,2020-03-12,保留意见,董事会 审计意见 专项说明 002370,002370-2019.pdf,,002370.SZ
002374-2020,,2374,中锐股份,2020-12-31,2021-04-23,无保留意见加事项段,董事会 审计意见 专项说明 002374,002374-2020.pdf,,002374.SZ
002383-2019,,2383,合众思壮,2019-12-31,2020-05-28,保留意见,董事会 审计意见 专项说明 002383,002383-2019.pdf,,002383.SZ
002383-2020,,2383,合众思壮,2020-12-31,2021-04-29,无保留意见加事项段,董事会 审计意见 专项说明 002383,002383-2020.pdf,,002383.SZ
002411-2020,,2411,延安必康,2020-12-31,2021-04-30,无保留意见加事项段,董事会 审计意见 专项说明 002411,002411-2020.pdf,,002411.SZ
002424-2020,,2424,贵州百灵,2020-12-31,2021-04-29,无保留意见加事项段,董事会 审计意见 专项说明 002424,002424-2020.pdf,,002424.SZ
002426-2018,,2426,胜利精密,2018-12-31,2019-04-25,保留意见,董事会 审计意见 专项说明 002426,002426-2018.pdf,,002426.SZ
002427-2017,,2427,ST 尤夫,2017-12-31,2018-04-27,无法发表意见,董事会 审计意见 专项说明 002427,002427-2017.pdf,,002427.SZ
002427-2018,,2427,ST 尤夫,2018-12-31,2019-04-08,保留意见,董事会 审计意见 专项说明 002427,002427-2018.pdf,,002427.SZ
002427-2020,,2427,ST 尤夫,2020-12-31,2021-04-21,无保留意见加事项段,董事会 审计意见 专项说明 002427,002427-2020.pdf,,002427.SZ
002433-2020,,2433,太安堂,2020-12-31,2021-04-09,无保留意见加事项段,董事会 审计意见 专项说明 002433,002433-2020.pdf,,002433.SZ
002435-2019,,2435,长江健康,2019-12-31,2020-04-29,保留意见,董事会 审计意见 专项说明 002435,002435-2019.pdf,,002435.SZ
002435-2020,,2435,长江健康,2020-12-31,2021-04-29,保留意见,董事会 审计意见 专项说明 002435,002435-2020.pdf,,002435.SZ
002445-2018,,2445,中南文化,2018-12-31,2019-04-28,保留意见,董事会 审计意见 专项说明 002445,002445-2018.pdf,,002445.SZ
002445-2019,,2445,中南文化,2019-12-31,2020-04-27,保留意见加事项段,董事会 审计意见 专项说明 002445,002445-2019.pdf,,002445.SZ
002446-2020,,2446,盛路通信,2020-12-31,2021-04-14,无保留意见加事项段,董事会 审计意见 专项说明 002446,002446-2020.pdf,,002446.SZ
002447-2017,,2447,*ST 晨鑫,2017-12-31,2018-04-26,保留意见,董事会 审计意见 专项说明 002447,002447-2017.pdf,,002447.SZ
002447-2018,,2447,*ST 晨鑫,2018-12-31,2019-04-25,保留意见,董事会 审计意见 专项说明 002447,002447-2018.pdf,,002447.SZ
002447-2019,,2447,*ST 晨鑫,2019-12-31,2020-04-28,无保留意见加事项段,董事会 审计意见 专项说明 002447,002447-2019.pdf,,002447.SZ
002450-2018,,2450,康得退,2018-12-31,2019-04-29,无法发表意见,董事会 审计意见 专项说明 002450,002450-2018.pdf,,002450.SZ
002450-2019,,2450,康得退,2019-12-31,2020-06-28,无法发表意见,董事会 审计意见 专项说明 002450,002450-2019.pdf,,002450.SZ
002450-2020,,2450,康得退,2020-12-31,2021-03-15,保留意见,董事会 审计意见 专项说明 002450,002450-2020.pdf,,002450.SZ
002464-2018,,2464,*ST 众应,2018-12-31,2019-04-28,无保留意见加事项段,董事会 审计意见 专项说明 002464,002464-2018.pdf,,002464.SZ
002464-2019,,2464,*ST 众应,2019-12-31,2020-05-28,保留意见,董事会 审计意见 专项说明 002464,002464-2019.pdf,,002464.SZ
002464-2020,,2464,*ST 众应,2020-12-31,2021-04-21,保留意见,董事会 审计意见 专项说明 002464,002464-2020.pdf,,002464.SZ
002466-2019,,2466,天齐锂业,2019-12-31,2020-04-28,保留意见加事项段,董事会 审计意见 专项说明 002466,002466-2019.pdf,,002466.SZ
002466-2020,,2466,天齐锂业,2020-12-31,2021-04-26,无保留意见加事项段,董事会 审计意见 专项说明 002466,002466-2020.pdf,,002466.SZ
002470-2018,,2470,*ST 金正,2018-12-31,2019-04-29,保留意见,董事会 审计意见 专项说明 002470,002470-2018.pdf,,002470.SZ
002470-2019,,2470,*ST 金正,2019-12-31,2020-06-28,无法发表意见,董事会 审计意见 专项说明 002470,002470-2019.pdf,,002470.SZ
002470-2020,,2470,*ST 金正,2020-12-31,2021-04-29,保留意见加事项段,董事会 审计意见 专项说明 002470,002470-2020.pdf,,002470.SZ
002471-2018,,2471,中超控股,2018-12-31,2019-03-28,无保留意见加事项段,董事会 审计意见 专项说明 002471,002471-2018.pdf,,002471.SZ
002471-2019,,2471,中超控股,2019-12-31,2020-03-30,无保留意见加事项段,董事会 审计意见 专项说明 002471,002471-2019.pdf,,002471.SZ
002471-2020,,2471,中超控股,2020-12-31,2021-03-30,无保留意见加事项段,董事会 审计意见 专项说明 002471,002471-2020.pdf,,002471.SZ
002473-2017,,2473,*ST 圣莱,2017-12-31,2018-04-24,保留意见,董事会 审计意见 专项说明 002473,002473-2017.pdf,,002473.SZ
002473-2019,,2473,*ST 圣莱,2019-12-31,2020-04-28,保留意见加事项段,董事会 审计意见 专项说明 002473,002473-2019.pdf,,002473.SZ
002473-2020,,2473,*ST 圣莱,2020-12-31,2021-04-27,保留意见,董事会 审计意见 专项说明 002473,002473-2020.pdf,,002473.SZ
002477-2018,,2477,雏鹰退,2018-12-31,2019-04-23,无法发表意见,董事会 审计意见 专项说明 002477,002477-2018.pdf,,002477.SZ
002478-2019,,2478,常宝股份,2019-12-31,2020-04-28,保留意见,董事会 审计意见 专项说明 002478,002478-2019.pdf,,002478.SZ
002496-2017,,2496,ST 辉丰,2017-12-31,2018-04-26,无保留意见加事项段,董事会 审计意见 专项说明 002496,002496-2017.pdf,,002496.SZ
002496-2018,,2496,ST 辉丰,2018-12-31,2019-04-25,保留意见,董事会 审计意见 专项说明 002496,002496-2018.pdf,,002496.SZ
002496-2019,,2496,ST 辉丰,2019-12-31,2020-04-27,保留意见,董事会 审计意见 专项说明 002496,002496-2019.pdf,,002496.SZ
002496-2020,,2496,ST 辉丰,2020-12-31,2021-04-28,保留意见,董事会 审计意见 专项说明 002496,002496-2020.pdf,,002496.SZ
002499-2018,,2499,*ST 科林,2018-12-31,2019-04-23,无法发表意见,董事会 审计意见 专项说明 002499,002499-2018.pdf,,002499.SZ
002499-2019,,2499,*ST 科林,2019-12-31,2020-04-28,无保留意见加事项段,董事会 审计意见 专项说明 002499,002499-2019.pdf,,002499.SZ
002499-2020,,2499,*ST 科林,2020-12-31,2021-04-27,无保留意见加事项段,董事会 审计意见 专项说明 002499,002499-2020.pdf,,002499.SZ
002501-2018,,2501,*ST 利源,2018-12-31,2019-04-29,无法发表意见,董事会 审计意见 专项说明 002501,002501-2018.pdf,,002501.SZ
002501-2019,,2501,*ST 利源,2019-12-31,2020-06-23,保留意见,董事会 审计意见 专项说明 002501,002501-2019.pdf,,002501.SZ
002503-2020,,2503,搜于特,2020-12-31,2021-04-28,无保留意见加事项段,董事会 审计意见 专项说明 002503,002503-2020.pdf,,002503.SZ
002504-2020,,2504,ST 弘高,2020-12-31,2021-04-20,无保留意见加事项段,董事会 审计意见 专项说明 002504,002504-2020.pdf,,002504.SZ
002509-2018,,2509,天茂退,2018-12-31,2019-04-27,无保留意见加事项段,董事会 审计意见 专项说明 002509,002509-2018.pdf,,002509.SZ
002509-2019,,2509,天茂退,2019-12-31,2020-06-09,无法发表意见,董事会 审计意见 专项说明 002509,002509-2019.pdf,,002509.SZ
002512-2018,,2512,达华智能,2018-12-31,2019-04-29,无保留意见加事项段,董事会 审计意见 专项说明 002512,002512-2018.pdf,,002512.SZ
002512-2020,,2512,达华智能,2020-12-31,2021-04-29,保留意见,董事会 审计意见 专项说明 002512,002512-2020.pdf,,002512.SZ
002513-2017,,2513,蓝丰生化,2017-12-31,2018-04-26,保留意见,董事会 审计意见 专项说明 002513,002513-2017.pdf,,002513.SZ
002513-2018,,2513,蓝丰生化,2018-12-31,2019-04-14,保留意见,董事会 审计意见 专项说明 002513,002513-2018.pdf,,002513.SZ
002513-2019,,2513,蓝丰生化,2019-12-31,2020-04-26,保留意见,董事会 审计意见 专项说明 002513,002513-2019.pdf,,002513.SZ
002514-2017,,2514,宝馨科技,2017-12-31,2018-04-24,无保留意见加事项段,董事会 审计意见 专项说明 002514,002514-2017.pdf,,002514.SZ
002517-2019,,2517,恺英网络,2019-12-31,2020-04-27,保留意见,董事会 审计意见 专项说明 002517,002517-2019.pdf,,002517.SZ
002535-2018,,2535,ST 林重,2018-12-31,2019-04-30,保留意见,董事会 审计意见 专项说明 002535,002535-2018.pdf,,002535.SZ
002535-2019,,2535,ST 林重,2019-12-31,2020-04-30,无法发表意见,董事会 审计意见 专项说明 002535,002535-2019.pdf,,002535.SZ
002535-2020,,2535,ST 林重,2020-12-31,2021-04-29,保留意见,董事会 审计意见 专项说明 002535,002535-2020.pdf,,002535.SZ
002547-2020,,2547,春兴精工,2020-12-31,2021-04-28,无保留意见加事项段,董事会 审计意见 专项说明 002547,002547-2020.pdf,,002547.SZ
002569-2018,,2569,ST 步森,2018-12-31,2019-04-26,无保留意见加事项段,董事会 审计意见 专项说明 002569,002569-2018.pdf,,002569.SZ
002569-2019,,2569,ST 步森,2019-12-31,2020-04-28,无保留意见加事项段,董事会 审计意见 专项说明 002569,002569-2019.pdf,,002569.SZ
002569-2020,,2569,ST 步森,2020-12-31,2021-04-30,无保留意见加事项段,董事会 审计意见 专项说明 002569,002569-2020.pdf,,002569.SZ
002574-2019,,2574,明牌珠宝,2019-12-31,2020-04-27,保留意见,董事会 审计意见 专项说明 002574,002574-2019.pdf,,002574.SZ
002574-2020,,2574,明牌珠宝,2020-12-31,2021-04-26,保留意见,董事会 审计意见 专项说明 002574,002574-2020.pdf,,002574.SZ
002575-2019,,2575,*ST 群兴,2019-12-31,2020-06-22,无法发表意见,董事会 审计意见 专项说明 002575,002575-2019.pdf,,002575.SZ
002581-2017,,2581,未名医药,2017-12-31,2018-04-26,保留意见,董事会 审计意见 专项说明 002581,002581-2017.pdf,,002581.SZ
002581-2018,,2581,未名医药,2018-12-31,2019-04-23,保留意见,董事会 审计意见 专项说明 002581,002581-2018.pdf,,002581.SZ
002581-2019,,2581,未名医药,2019-12-31,2020-06-22,保留意见,董事会 审计意见 专项说明 002581,002581-2019.pdf,,002581.SZ
002581-2020,,2581,未名医药,2020-12-31,2021-04-28,保留意见,董事会 审计意见 专项说明 002581,002581-2020.pdf,,002581.SZ
002584-2018,,2584,西陇科学,2018-12-31,2019-04-26,保留意见,董事会 审计意见 专项说明 002584,002584-2018.pdf,,002584.SZ
002586-2018,,2586,*ST 围海,2018-12-31,2019-04-28,保留意见,董事会 审计意见 专项说明 002586,002586-2018.pdf,,002586.SZ
002586-2019,,2586,*ST 围海,2019-12-31,2020-04-28,无法发表意见,董事会 审计意见 专项说明 002586,002586-2019.pdf,,002586.SZ
002586-2020,,2586,*ST 围海,2020-12-31,2021-03-22,保留意见加事项段,董事会 审计意见 专项说明 002586,002586-2020.pdf,,002586.SZ
002592-2019,,2592,ST 八菱,2019-12-31,2020-04-28,保留意见,董事会 审计意见 专项说明 002592,002592-2019.pdf,,002592.SZ
002592-2020,,2592,ST 八菱,2020-12-31,2021-04-29,无保留意见加事项段,董事会 审计意见 专项说明 002592,002592-2020.pdf,,002592.SZ
002596-2019,,2596,海南瑞泽,2019-12-31,2020-04-22,无保留意见加事项段,董事会 审计意见 专项说明 002596,002596-2019.pdf,,002596.SZ
002604-2017,,2604,龙力退,2017-12-31,2018-04-25,无法发表意见,董事会 审计意见 专项说明 002604,002604-2017.pdf,,002604.SZ
002604-2018,,2604,龙力退,2018-12-31,2019-04-29,无法发表意见,董事会 审计意见 专项说明 002604,002604-2018.pdf,,002604.SZ
002604-2019,,2604,龙力退,2019-12-31,2020-04-28,无法发表意见,董事会 审计意见 专项说明 002604,002604-2019.pdf,,002604.SZ
002610-2019,,2610,爱康科技,2019-12-31,2020-04-28,保留意见加事项段,董事会 审计意见 专项说明 002610,002610-2019.pdf,,002610.SZ
002613-2018,,2613,北玻股份,2018-12-31,2019-04-24,保留意见,董事会 审计意见 专项说明 002613,002613-2018.pdf,,002613.SZ
002613-2019,,2613,北玻股份,2019-12-31,2020-04-26,保留意见,董事会 审计意见 专项说明 002613,002613-2019.pdf,,002613.SZ
002618-2020,,2618,*ST 丹邦,2020-12-31,2021-04-27,无法发表意见,董事会 审计意见 专项说明 002618,002618-2020.pdf,,002618.SZ
002619-2020,,2619,*ST 艾格,2020-12-31,2021-04-28,无法发表意见,董事会 审计意见 专项说明 002619,002619-2020.pdf,,002619.SZ
002629-2017,,2629,ST 仁智,2017-12-31,2018-04-25,无保留意见加事项段,董事会 审计意见 专项说明 002629,002629-2017.pdf,,002629.SZ
002629-2018,,2629,ST 仁智,2018-12-31,2019-04-25,保留意见,董事会 审计意见 专项说明 002629,002629-2018.pdf,,002629.SZ
002629-2019,,2629,ST 仁智,2019-12-31,2020-04-24,无保留意见加事项段,董事会 审计意见 专项说明 002629,002629-2019.pdf,,002629.SZ
002637-2018,,2637,赞宇科技,2018-12-31,2019-04-29,无保留意见加事项段,董事会 审计意见 专项说明 002637,002637-2018.pdf,,002637.SZ
002638-2018,,2638,勤上股份,2018-12-31,2019-04-29,保留意见,董事会 审计意见 专项说明 002638,002638-2018.pdf,,002638.SZ
002638-2019,,2638,勤上股份,2019-12-31,2020-06-24,保留意见,董事会 审计意见 专项说明 002638,002638-2019.pdf,,002638.SZ
002638-2020,,2638,勤上股份,2020-12-31,2021-04-29,无保留意见加事项段,董事会 审计意见 专项说明 002638,002638-2020.pdf,,002638.SZ
002640-2019,,2640,*ST 跨境,2019-12-31,2020-04-28,无保留意见加事项段,董事会 审计意见 专项说明 002640,002640-2019.pdf,,002640.SZ
002640-2020,,2640,*ST 跨境,2020-12-31,2021-04-30,无法发表意见,董事会 审计意见 专项说明 002640,002640-2020.pdf,,002640.SZ
002647-2017,,2647,仁东控股,2017-12-31,2018-04-26,保留意见,董事会 审计意见 专项说明 002647,002647-2017.pdf,,002647.SZ
002650-2017,,2650,加加食品,2017-12-31,2018-04-26,保留意见,董事会 审计意见 专项说明 002650,002650-2017.pdf,,002650.SZ
002652-2019,,2652,扬子新材,2019-12-31,2020-06-30,保留意见,董事会 审计意见 专项说明 002652,002652-2019.pdf,,002652.SZ
002652-2020,,2652,扬子新材,2020-12-31,2021-04-28,保留意见,董事会 审计意见 专项说明 002652,002652-2020.pdf,,002652.SZ
002654-2017,,2654,万润科技,2017-12-31,2018-04-27,无保留意见加事项段,董事会 审计意见 专项说明 002654,002654-2017.pdf,,002654.SZ
002670-2018,,2670,国盛金控,2018-12-31,2019-04-29,无保留意见加事项段,董事会 审计意见 专项说明 002670,002670-2018.pdf,,002670.SZ
002670-2019,,2670,国盛金控,2019-12-31,2020-04-29,保留意见,董事会 审计意见 专项说明 002670,002670-2019.pdf,,002670.SZ
002681-2019,,2681,奋达科技,2019-12-31,2020-04-29,保留意见,董事会 审计意见 专项说明 002681,002681-2019.pdf,,002681.SZ
002684-2018,,2684,*ST 猛狮,2018-12-31,2019-04-29,保留意见,董事会 审计意见 专项说明 002684,002684-2018.pdf,,002684.SZ
002684-2020,,2684,*ST 猛狮,2020-12-31,2021-04-28,保留意见,董事会 审计意见 专项说明 002684,002684-2020.pdf,,002684.SZ
002692-2018,,2692,ST 远程,2018-12-31,2019-04-27,保留意见,董事会 审计意见 专项说明 002692,002692-2018.pdf,,002692.SZ
002694-2019,,2694,顾地科技,2019-12-31,2020-06-22,无保留意见加事项段,董事会 审计意见 专项说明 002694,002694-2019.pdf,,002694.SZ
002694-2020,,2694,顾地科技,2020-12-31,2021-04-28,无保留意见加事项段,董事会 审计意见 专项说明 002694,002694-2020.pdf,,002694.SZ
002696-2018,,2696,百洋股份,2018-12-31,2019-04-29,保留意见,董事会 审计意见 专项说明 002696,002696-2018.pdf,,002696.SZ
002699-2018,,2699,美盛文化,2018-12-31,2019-04-29,保留意见,董事会 审计意见 专项说明 002699,002699-2018.pdf,,002699.SZ
002700-2017,,2700,ST 浩源,2017-12-31,2018-03-29,无保留意见加事项段,董事会 审计意见 专项说明 002700,002700-2017.pdf,,002700.SZ
002700-2019,,2700,ST 浩源,2019-12-31,2020-04-29,保留意见加事项段,董事会 审计意见 专项说明 002700,002700-2019.pdf,,002700.SZ
002700-2020,,2700,ST 浩源,2020-12-31,2021-04-27,保留意见加事项段,董事会 审计意见 专项说明 002700,002700-2020.pdf,,002700.SZ
002711-2018,,2711,欧浦退,2018-12-31,2019-04-29,无法发表意见,董事会 审计意见 专项说明 002711,002711-2018.pdf,,002711.SZ
002711-2019,,2711,欧浦退,2019-12-31,2020-04-29,无法发表意见,董事会 审计意见 专项说明 002711,002711-2019.pdf,,002711.SZ
002711-2020,,2711,欧浦退,2020-12-31,2021-04-28,无法发表意见,董事会 审计意见 专项说明 002711,002711-2020.pdf,,002711.SZ
002716-2018,,2716,金贵银业,2018-12-31,2019-04-29,保留意见,董事会 审计意见 专项说明 002716,002716-2018.pdf,,002716.SZ
002716-2019,,2716,金贵银业,2019-12-31,2020-04-28,保留意见加事项段,董事会 审计意见 专项说明 002716,002716-2019.pdf,,002716.SZ
002716-2020,,2716,金贵银业,2020-12-31,2021-04-29,保留意见,董事会 审计意见 专项说明 002716,002716-2020.pdf,,002716.SZ
002719-2018,,2719,*ST 麦趣,2018-12-31,2019-04-24,无保留意见加事项段,董事会 审计意见 专项说明 002719,002719-2018.pdf,,002719.SZ
002740-2019,,2740,爱迪尔,2019-12-31,2020-05-29,保留意见,董事会 审计意见 专项说明 002740,002740-2019.pdf,,002740.SZ
002740-2020,,2740,爱迪尔,2020-12-31,2021-04-28,保留意见,董事会 审计意见 专项说明 002740,002740-2020.pdf,,002740.SZ
002741-2019,,2741,光华科技,2019-12-31,2020-04-29,保留意见,董事会 审计意见 专项说明 002741,002741-2019.pdf,,002741.SZ
002742-2018,,2742,三圣股份,2018-12-31,2019-04-22,无保留意见加事项段,董事会 审计意见 专项说明 002742,002742-2018.pdf,,002742.SZ
002742-2020,,2742,三圣股份,2020-12-31,2021-04-26,无保留意见加事项段,董事会 审计意见 专项说明 002742,002742-2020.pdf,,002742.SZ
002766-2018,,2766,*ST 索菱,2018-12-31,2019-04-26,无法发表意见,董事会 审计意见 专项说明 002766,002766-2018.pdf,,002766.SZ
002766-2019,,2766,*ST 索菱,2019-12-31,2020-04-28,保留意见,董事会 审计意见 专项说明 002766,002766-2019.pdf,,002766.SZ
002766-2020,,2766,*ST 索菱,2020-12-31,2021-04-08,保留意见,董事会 审计意见 专项说明 002766,002766-2020.pdf,,002766.SZ
002770-2019,,2770,*ST 科迪,2019-12-31,2020-06-23,保留意见,董事会 审计意见 专项说明 002770,002770-2019.pdf,,002770.SZ
002770-2020,,2770,*ST 科迪,2020-12-31,2021-04-30,无法发表意见,董事会 审计意见 专项说明 002770,002770-2020.pdf,,002770.SZ
002776-2020,,2776,ST 柏龙,2020-12-31,2021-04-29,保留意见,董事会 审计意见 专项说明 002776,002776-2020.pdf,,002776.SZ
002809-2018,,2809,红墙股份,2018-12-31,2019-04-29,无保留意见加事项段,董事会 审计意见 专项说明 002809,002809-2018.pdf,,002809.SZ
002836-2019,,2836,新宏泽,2019-12-31,2020-04-27,无保留意见加事项段,董事会 审计意见 专项说明 002836,002836-2019.pdf,,002836.SZ
002836-2020,,2836,新宏泽,2020-12-31,2021-04-28,无保留意见加事项段,董事会 审计意见 专项说明 002836,002836-2020.pdf,,002836.SZ
002848-2018,,2848,高斯贝尔,2018-12-31,2019-04-19,无保留意见加事项段,董事会 审计意见 专项说明 002848,002848-2018.pdf,,002848.SZ
002872-2018,,2872,ST 天圣,2018-12-31,2019-04-24,无法发表意见,董事会 审计意见 专项说明 002872,002872-2018.pdf,,002872.SZ
002872-2019,,2872,ST 天圣,2019-12-31,2020-04-24,保留意见,董事会 审计意见 专项说明 002872,002872-2019.pdf,,002872.SZ
002872-2020,,2872,ST 天圣,2020-12-31,2021-04-23,保留意见,董事会 审计意见 专项说明 002872,002872-2020.pdf,,002872.SZ
200168-2017,,200168,*ST 舜喆B,2017-12-31,2018-04-27,保留意见,董事会 审计意见 专项说明 200168,200168-2017.pdf,,200168.SZ
200168-2018,,200168,*ST 舜喆B,2018-12-31,2019-04-22,保留意见,董事会 审计意见 专项说明 200168,200168-2018.pdf,,200168.SZ
200168-2019,,200168,*ST 舜喆B,2019-12-31,2020-04-27,保留意见加事项段,董事会 审计意见 专项说明 200168,200168-2019.pdf,,200168.SZ
200168-2020,,200168,*ST 舜喆B,2020-12-31,2021-04-29,保留意见加事项段,董事会 审计意见 专项说明 200168,200168-2020.pdf,,200168.SZ
300004-2018,,300004,南风股份,2018-12-31,2019-04-25,保留意见,董事会 审计意见 专项说明 300004,300004-2018.pdf,,300004.SZ
300004-2019,,300004,南风股份,2019-12-31,2020-04-28,保留意见加事项段,董事会 审计意见 专项说明 300004,300004-2019.pdf,,300004.SZ
300004-2020,,300004,南风股份,2020-12-31,2021-04-28,保留意见,董事会 审计意见 专项说明 300004,300004-2020.pdf,,300004.SZ
300008-2019,,300008,天海防务,2019-12-31,2020-04-27,无保留意见加事项段,董事会 审计意见 专项说明 300008,300008-2019.pdf,,300008.SZ
300013-2020,,300013,新宁物流,2020-12-31,2021-04-27,保留意见,董事会 审计意见 专项说明 300013,300013-2020.pdf,,300013.SZ
300020-2017,,300020,银江股份,2017-12-31,2018-04-18,无保留意见加事项段,董事会 审计意见 专项说明 300020,300020-2017.pdf,,300020.SZ
300020-2020,,300020,银江股份,2020-12-31,2021-04-26,无保留意见加事项段,董事会 审计意见 专项说明 300020,300020-2020.pdf,,300020.SZ
300022-2019,,300022,吉峰科技,2019-12-31,2020-04-28,无保留意见加事项段,董事会 审计意见 专项说明 300022,300022-2019.pdf,,300022.SZ
300023-2017,,300023,*ST 宝德,2017-12-31,2018-04-26,无法发表意见,董事会 审计意见 专项说明 300023,300023-2017.pdf,,300023.SZ
300027-2019,,300027,华谊兄弟,2019-12-31,2020-04-28,保留意见加事项段,董事会 审计意见 专项说明 300027,300027-2019.pdf,,300027.SZ
300028-2018,,300028,金亚退,2018-12-31,2019-04-29,无保留意见加事项段,董事会 审计意见 专项说明 300028,300028-2018.pdf,,300028.SZ
300028-2019,,300028,金亚退,2019-12-31,2020-04-28,无保留意见加事项段,董事会 审计意见 专项说明 300028,300028-2019.pdf,,300028.SZ
300029-2017,,300029,*ST 天龙,2017-12-31,2018-04-16,无保留意见加事项段,董事会 审计意见 专项说明 300029,300029-2017.pdf,,300029.SZ
300029-2018,,300029,*ST 天龙,2018-12-31,2019-04-17,保留意见,董事会 审计意见 专项说明 300029,300029-2018.pdf,,300029.SZ
300029-2019,,300029,*ST 天龙,2019-12-31,2020-04-27,保留意见加事项段,董事会 审计意见 专项说明 300029,300029-2019.pdf,,300029.SZ
300029-2020,,300029,*ST 天龙,2020-12-31,2021-04-21,无保留意见加事项段,董事会 审计意见 专项说明 300029,300029-2020.pdf,,300029.SZ
300038-2020,,300038,*ST 数知,2020-12-31,2021-04-27,无法发表意见,董事会 审计意见 专项说明 300038,300038-2020.pdf,,300038.SZ
300044-2020,,300044,*ST 赛为,2020-12-31,2021-04-27,无法发表意见,董事会 审计意见 专项说明 300044,300044-2020.pdf,,300044.SZ
300051-2019,,300051,ST 三五,2019-12-31,2020-04-27,无保留意见加事项段,董事会 审计意见 专项说明 300051,300051-2019.pdf,,300051.SZ
300051-2020,,300051,ST 三五,2020-12-31,2021-04-22,无保留意见加事项段,董事会 审计意见 专项说明 300051,300051-2020.pdf,,300051.SZ
300053-2019,,300053,欧比特,2019-12-31,2020-04-28,保留意见,董事会 审计意见 专项说明 300053,300053-2019.pdf,,300053.SZ
300056-2019,,300056,中创环保,2019-12-31,2020-04-20,无保留意见加事项段,董事会 审计意见 专项说明 300056,300056-2019.pdf,,300056.SZ
300061-2018,,300061,旗天科技,2018-12-31,2019-04-24,无保留意见加事项段,董事会 审计意见 专项说明 300061,300061-2018.pdf,,300061.SZ
300063-2017,,300063,天龙集团,2017-12-31,2018-04-25,无法发表意见,董事会 审计意见 专项说明 300063,300063-2017.pdf,,300063.SZ
300064-2019,,300064,*ST 金刚,2019-12-31,2020-04-27,保留意见加事项段,董事会 审计意见 专项说明 300064,300064-2019.pdf,,300064.SZ
300064-2020,,300064,*ST 金刚,2020-12-31,2021-04-26,无法发表意见,董事会 审计意见 专项说明 300064,300064-2020.pdf,,300064.SZ
300071-2019,,300071,*ST 嘉信,2019-12-31,2020-04-27,无保留意见加事项段,董事会 审计意见 专项说明 300071,300071-2019.pdf,,300071.SZ
300071-2020,,300071,*ST 嘉信,2020-12-31,2021-04-26,无保留意见加事项段,董事会 审计意见 专项说明 300071,300071-2020.pdf,,300071.SZ
300077-2019,,300077,国民技术,2019-12-31,2020-04-22,无保留意见加事项段,董事会 审计意见 专项说明 300077,300077-2019.pdf,,300077.SZ
300078-2020,,300078,思创医惠,2020-12-31,2021-04-28,保留意见,董事会 审计意见 专项说明 300078,300078-2020.pdf,,300078.SZ
300089-2018,,300089,文化长城,2018-12-31,2019-04-29,无法发表意见,董事会 审计意见 专项说明 300089,300089-2018.pdf,,300089.SZ
300089-2019,,300089,文化长城,2019-12-31,2020-05-28,保留意见,董事会 审计意见 专项说明 300089,300089-2019.pdf,,300089.SZ
300089-2020,,300089,文化长城,2020-12-31,2021-04-26,保留意见,董事会 审计意见 专项说明 300089,300089-2020.pdf,,300089.SZ
300090-2017,,300090,盛运退,2017-12-31,2018-04-26,保留意见,董事会 审计意见 专项说明 300090,300090-2017.pdf,,300090.SZ
300090-2018,,300090,盛运退,2018-12-31,2019-04-28,保留意见,董事会 审计意见 专项说明 300090,300090-2018.pdf,,300090.SZ
300090-2019,,300090,盛运退,2019-12-31,2020-06-23,无法发表意见,董事会 审计意见 专项说明 300090,300090-2019.pdf,,300090.SZ
300093-2018,,300093,金刚玻璃,2018-12-31,2019-04-29,无法发表意见,董事会 审计意见 专项说明 300093,300093-2018.pdf,,300093.SZ
300094-2019,,300094,国联水产,2019-12-31,2020-05-21,保留意见,董事会 审计意见 专项说明 300094,300094-2019.pdf,,300094.SZ
300104-2017,,300104,乐视退,2017-12-31,2018-04-26,无法发表意见,董事会 审计意见 专项说明 300104,300104-2017.pdf,,300104.SZ
300104-2018,,300104,乐视退,2018-12-31,2019-04-25,保留意见,董事会 审计意见 专项说明 300104,300104-2018.pdf,,300104.SZ
300104-2019,,300104,乐视退,2019-12-31,2020-04-24,保留意见加事项段,董事会 审计意见 专项说明 300104,300104-2019.pdf,,300104.SZ
300108-2020,,300108,吉药控股,2020-12-31,2021-04-27,无保留意见加事项段,董事会 审计意见 专项说明 300108,300108-2020.pdf,,300108.SZ
300116-2017,,300116,保力新,2017-12-31,2018-04-25,保留意见,董事会 审计意见 专项说明 300116,300116-2017.pdf,,300116.SZ
300116-2018,,300116,保力新,2018-12-31,2019-04-28,无法发表意见,董事会 审计意见 专项说明 300116,300116-2018.pdf,,300116.SZ
300116-2019,,300116,保力新,2019-12-31,2020-04-30,保留意见加事项段,董事会 审计意见 专项说明 300116,300116-2019.pdf,,300116.SZ
300139-2019,,300139,晓程科技,2019-12-31,2020-04-27,无法发表意见,董事会 审计意见 专项说明 300139,300139-2019.pdf,,300139.SZ
300139-2020,,300139,晓程科技,2020-12-31,2021-04-25,保留意见,董事会 审计意见 专项说明 300139,300139-2020.pdf,,300139.SZ
300147-2019,,300147,香雪制药,2019-12-31,2020-05-19,保留意见,董事会 审计意见 专项说明 300147,300147-2019.pdf,,300147.SZ
300152-2017,,300152,科融环境,2017-12-31,2018-04-25,无保留意见加事项段,董事会 审计意见 专项说明 300152,300152-2017.pdf,,300152.SZ
300152-2018,,300152,科融环境,2018-12-31,2019-04-25,无保留意见加事项段,董事会 审计意见 专项说明 300152,300152-2018.pdf,,300152.SZ
300152-2019,,300152,科融环境,2019-12-31,2020-04-10,保留意见加事项段,董事会 审计意见 专项说明 300152,300152-2019.pdf,,300152.SZ
300152-2020,,300152,科融环境,2020-12-31,2021-04-20,保留意见,董事会 审计意见 专项说明 300152,300152-2020.pdf,,300152.SZ
300156-2017,,300156,神雾退,2017-12-31,2018-04-27,保留意见,董事会 审计意见 专项说明 300156,300156-2017.pdf,,300156.SZ
300156-2018,,300156,神雾退,2018-12-31,2019-04-29,无法发表意见,董事会 审计意见 专项说明 300156,300156-2018.pdf,,300156.SZ
300157-2019,,300157,恒泰艾普,2019-12-31,2020-05-28,保留意见,董事会 审计意见 专项说明 300157,300157-2019.pdf,,300157.SZ
300157-2020,,300157,恒泰艾普,2020-12-31,2021-04-28,无保留意见加事项段,董事会 审计意见 专项说明 300157,300157-2020.pdf,,300157.SZ
300159-2020,,300159,新研股份,2020-12-31,2021-04-29,保留意见,董事会 审计意见 专项说明 300159,300159-2020.pdf,,300159.SZ
300167-2019,,300167,迪威迅,2019-12-31,2020-04-29,保留意见加事项段,董事会 审计意见 专项说明 300167,300167-2019.pdf,,300167.SZ
300167-2020,,300167,迪威迅,2020-12-31,2021-04-29,保留意见,董事会 审计意见 专项说明 300167,300167-2020.pdf,,300167.SZ
300175-2019,,300175,朗源股份,2019-12-31,2020-04-29,保留意见,董事会 审计意见 专项说明 300175,300175-2019.pdf,,300175.SZ
300176-2017,,300176,派生科技,2017-12-31,2018-04-26,保留意见,董事会 审计意见 专项说明 300176,300176-2017.pdf,,300176.SZ
300178-2019,,300178,*ST 腾邦,2019-12-31,2020-04-29,无法发表意见,董事会 审计意见 专项说明 300178,300178-2019.pdf,,300178.SZ
300178-2020,,300178,*ST 腾邦,2020-12-31,2021-04-28,无法发表意见,董事会 审计意见 专项说明 300178,300178-2020.pdf,,300178.SZ
300189-2017,,300189,神农科技,2017-12-31,2018-04-23,无保留意见加事项段,董事会 审计意见 专项说明 300189,300189-2017.pdf,,300189.SZ
300189-2018,,300189,神农科技,2018-12-31,2019-04-25,无保留意见加事项段,董事会 审计意见 专项说明 300189,300189-2018.pdf,,300189.SZ
300201-2020,,300201,海伦哲,2020-12-31,2021-04-27,保留意见,董事会 审计意见 专项说明 300201,300201-2020.pdf,,300201.SZ
300202-2020,,300202,*ST 聚龙,2020-12-31,2021-04-28,无法发表意见,董事会 审计意见 专项说明 300202,300202-2020.pdf,,300202.SZ
300208-2017,,300208,青岛中程,2017-12-31,2018-04-23,无保留意见加事项段,董事会 审计意见 专项说明 300208,300208-2017.pdf,,300208.SZ
300209-2019,,300209,天泽信息,2019-12-31,2020-06-29,无保留意见加事项段,董事会 审计意见 专项说明 300209,300209-2019.pdf,,300209.SZ
300209-2020,,300209,天泽信息,2020-12-31,2021-04-28,保留意见,董事会 审计意见 专项说明 300209,300209-2020.pdf,,300209.SZ
300216-2017,,300216,千山退,2017-12-31,2018-06-09,无法发表意见,董事会 审计意见 专项说明 300216,300216-2017.pdf,,300216.SZ
300216-2018,,300216,千山退,2018-12-31,2019-04-24,无法发表意见,董事会 审计意见 专项说明 300216,300216-2018.pdf,,300216.SZ
300216-2019,,300216,千山退,2019-12-31,2020-06-29,无法发表意见,董事会 审计意见 专项说明 300216,300216-2019.pdf,,300216.SZ
300221-2020,,300221,银禧科技,2020-12-31,2021-04-27,保留意见,董事会 审计意见 专项说明 300221,300221-2020.pdf,,300221.SZ
300269-2017,,300269,ST 联建,2017-12-31,2018-04-27,保留意见,董事会 审计意见 专项说明 300269,300269-2017.pdf,,300269.SZ
300269-2018,,300269,ST 联建,2018-12-31,2019-04-26,无保留意见加事项段,董事会 审计意见 专项说明 300269,300269-2018.pdf,,300269.SZ
300269-2019,,300269,ST 联建,2019-12-31,2020-04-28,无保留意见加事项段,董事会 审计意见 专项说明 300269,300269-2019.pdf,,300269.SZ
300269-2020,,300269,ST 联建,2020-12-31,2021-04-28,无保留意见加事项段,董事会 审计意见 专项说明 300269,300269-2020.pdf,,300269.SZ
300278-2020,,300278,*ST 华昌,2020-12-31,2021-04-29,无保留意见加事项段,董事会 审计意见 专项说明 300278,300278-2020.pdf,,300278.SZ
300297-2019,,300297,蓝盾股份,2019-12-31,2020-04-29,无保留意见加事项段,董事会 审计意见 专项说明 300297,300297-2019.pdf,,300297.SZ
300297-2020,,300297,蓝盾股份,2020-12-31,2021-04-28,保留意见加事项段,董事会 审计意见 专项说明 300297,300297-2020.pdf,,300297.SZ
300310-2018,,300310,宜通世纪,2018-12-31,2019-04-23,保留意见,董事会 审计意见 专项说明 300310,300310-2018.pdf,,300310.SZ
300310-2019,,300310,宜通世纪,2019-12-31,2020-03-05,保留意见,董事会 审计意见 专项说明 300310,300310-2019.pdf,,300310.SZ
300310-2020,,300310,宜通世纪,2020-12-31,2021-04-22,保留意见,董事会 审计意见 专项说明 300310,300310-2020.pdf,,300310.SZ
300312-2018,,300312,*ST 邦讯,2018-12-31,2019-04-25,无保留意见加事项段,董事会 审计意见 专项说明 300312,300312-2018.pdf,,300312.SZ
300312-2019,,300312,*ST 邦讯,2019-12-31,2020-04-27,无保留意见加事项段,董事会 审计意见 专项说明 300312,300312-2019.pdf,,300312.SZ
300312-2020,,300312,*ST 邦讯,2020-12-31,2021-04-27,无法发表意见,董事会 审计意见 专项说明 300312,300312-2020.pdf,,300312.SZ
300313-2018,,300313,ST 天山,2018-12-31,2019-04-25,保留意见,董事会 审计意见 专项说明 300313,300313-2018.pdf,,300313.SZ
300313-2019,,300313,ST 天山,2019-12-31,2020-04-28,保留意见加事项段,董事会 审计意见 专项说明 300313,300313-2019.pdf,,300313.SZ
300313-2020,,300313,ST 天山,2020-12-31,2021-04-26,保留意见加事项段,董事会 审计意见 专项说明 300313,300313-2020.pdf,,300313.SZ
300317-2018,,300317,珈伟新能,2018-12-31,2019-04-24,无保留意见加事项段,董事会 审计意见 专项说明 300317,300317-2018.pdf,,300317.SZ
300317-2019,,300317,珈伟新能,2019-12-31,2020-04-24,无保留意见加事项段,董事会 审计意见 专项说明 300317,300317-2019.pdf,,300317.SZ
300324-2018,,300324,旋极信息,2018-12-31,2019-04-26,保留意见,董事会 审计意见 专项说明 300324,300324-2018.pdf,,300324.SZ
300325-2020,,300325,*ST 德威,2020-12-31,2021-04-26,无法发表意见,董事会 审计意见 专项说明 300325,300325-2020.pdf,,300325.SZ
300334-2019,,300334,津膜科技,2019-12-31,2020-04-28,无保留意见加事项段,董事会 审计意见 专项说明 300334,300334-2019.pdf,,300334.SZ
300336-2020,,300336,新文化,2020-12-31,2021-04-27,无保留意见加事项段,董事会 审计意见 专项说明 300336,300336-2020.pdf,,300336.SZ
300339-2020,,300339,润和软件,2020-12-31,2021-04-28,无保留意见加事项段,董事会 审计意见 专项说明 300339,300339-2020.pdf,,300339.SZ
300343-2019,,300343,联创股份,2019-12-31,2020-04-29,保留意见,董事会 审计意见 专项说明 300343,300343-2019.pdf,,300343.SZ
300343-2020,,300343,联创股份,2020-12-31,2021-04-23,保留意见,董事会 审计意见 专项说明 300343,300343-2020.pdf,,300343.SZ
300351-2019,,300351,永贵电器,2019-12-31,2020-04-27,无保留意见加事项段,董事会 审计意见 专项说明 300351,300351-2019.pdf,,300351.SZ
300356-2020,,300356,ST 光一,2020-12-31,2021-04-27,保留意见,董事会 审计意见 专项说明 300356,300356-2020.pdf,,300356.SZ
300362-2018,,300362,天翔退,2018-12-31,2019-04-29,无法发表意见,董事会 审计意见 专项说明 300362,300362-2018.pdf,,300362.SZ
300362-2019,,300362,天翔退,2019-12-31,2020-04-29,无法发表意见,董事会 审计意见 专项说明 300362,300362-2019.pdf,,300362.SZ
300362-2020,,300362,天翔退,2020-12-31,2021-04-30,无保留意见加事项段,董事会 审计意见 专项说明 300362,300362-2020.pdf,,300362.SZ
300363-2018,,300363,博腾股份,2018-12-31,2019-04-23,无保留意见加事项段,董事会 审计意见 专项说明 300363,300363-2018.pdf,,300363.SZ
300367-2019,,300367,ST 网力,2019-12-31,2020-04-25,保留意见,董事会 审计意见 专项说明 300367,300367-2019.pdf,,300367.SZ
300367-2020,,300367,ST 网力,2020-12-31,2021-04-29,无保留意见加事项段,董事会 审计意见 专项说明 300367,300367-2020.pdf,,300367.SZ
300370-2019,,300370,ST 安控,2019-12-31,2020-05-28,无法发表意见,董事会 审计意见 专项说明 300370,300370-2019.pdf,,300370.SZ
300370-2020,,300370,ST 安控,2020-12-31,2021-04-23,保留意见,董事会 审计意见 专项说明 300370,300370-2020.pdf,,300370.SZ
300391-2019,,300391,康跃科技,2019-12-31,2020-04-27,保留意见,董事会 审计意见 专项说明 300391,300391-2019.pdf,,300391.SZ
300391-2020,,300391,康跃科技,2020-12-31,2021-04-27,保留意见,董事会 审计意见 专项说明 300391,300391-2020.pdf,,300391.SZ
300392-2017,,300392,腾信股份,2017-12-31,2018-04-24,无保留意见加事项段,董事会 审计意见 专项说明 300392,300392-2017.pdf,,300392.SZ
300392-2018,,300392,腾信股份,2018-12-31,2019-04-25,保留意见,董事会 审计意见 专项说明 300392,300392-2018.pdf,,300392.SZ
300392-2019,,300392,腾信股份,2019-12-31,2020-04-28,无保留意见加事项段,董事会 审计意见 专项说明 300392,300392-2019.pdf,,300392.SZ
300392-2020,,300392,腾信股份,2020-12-31,2021-04-27,保留意见,董事会 审计意见 专项说明 300392,300392-2020.pdf,,300392.SZ
300397-2017,,300397,天和防务,2017-12-31,2018-04-24,无保留意见加事项段,董事会 审计意见 专项说明 300397,300397-2017.pdf,,300397.SZ
300410-2019,,300410,正业科技,2019-12-31,2020-04-28,保留意见,董事会 审计意见 专项说明 300410,300410-2019.pdf,,300410.SZ
300410-2020,,300410,正业科技,2020-12-31,2021-04-27,保留意见,董事会 审计意见 专项说明 300410,300410-2020.pdf,,300410.SZ
300411-2017,,300411,金盾股份,2017-12-31,2018-04-19,无保留意见加事项段,董事会 审计意见 专项说明 300411,300411-2017.pdf,,300411.SZ
300411-2020,,300411,金盾股份,2020-12-31,2021-04-28,无保留意见加事项段,董事会 审计意见 专项说明 300411,300411-2020.pdf,,300411.SZ
300426-2018,,300426,唐德影视,2018-12-31,2019-04-29,无保留意见加事项段,董事会 审计意见 专项说明 300426,300426-2018.pdf,,300426.SZ
300426-2019,,300426,唐德影视,2019-12-31,2020-04-28,无保留意见加事项段,董事会 审计意见 专项说明 300426,300426-2019.pdf,,300426.SZ
300431-2018,,300431,暴风退,2018-12-31,2019-04-26,保留意见,董事会 审计意见 专项说明 300431,300431-2018.pdf,,300431.SZ
300459-2019,,300459,汤姆猫,2019-12-31,2020-04-29,保留意见,董事会 审计意见 专项说明 300459,300459-2019.pdf,,300459.SZ
300461-2018,,300461,田中精机,2018-12-31,2019-04-26,无保留意见加事项段,董事会 审计意见 专项说明 300461,300461-2018.pdf,,300461.SZ
300461-2019,,300461,田中精机,2019-12-31,2020-04-28,保留意见,董事会 审计意见 专项说明 300461,300461-2019.pdf,,300461.SZ
300461-2020,,300461,田中精机,2020-12-31,2021-03-29,保留意见,董事会 审计意见 专项说明 300461,300461-2020.pdf,,300461.SZ
300464-2019,,300464,星徽股份,2019-12-31,2020-04-29,保留意见,董事会 审计意见 专项说明 300464,300464-2019.pdf,,300464.SZ
300478-2020,,300478,杭州高新,2020-12-31,2021-04-28,保留意见,董事会 审计意见 专项说明 300478,300478-2020.pdf,,300478.SZ
300489-2020,,300489,中飞股份,2020-12-31,2021-04-23,无保留意见加事项段,董事会 审计意见 专项说明 300489,300489-2020.pdf,,300489.SZ
300495-2020,,300495,*ST 美尚,2020-12-31,2021-04-29,无法发表意见,董事会 审计意见 专项说明 300495,300495-2020.pdf,,300495.SZ
300526-2020,,300526,中潜股份,2020-12-31,2021-04-28,保留意见,董事会 审计意见 专项说明 300526,300526-2020.pdf,,300526.SZ
300528-2018,,300528,幸福蓝海,2018-12-31,2019-04-11,保留意见,董事会 审计意见 专项说明 300528,300528-2018.pdf,,300528.SZ
300528-2019,,300528,幸福蓝海,2019-12-31,2020-04-07,保留意见,董事会 审计意见 专项说明 300528,300528-2019.pdf,,300528.SZ
300540-2019,,300540,深冷股份,2019-12-31,2020-04-29,保留意见,董事会 审计意见 专项说明 300540,300540-2019.pdf,,300540.SZ
300670-2020,,300670,大烨智能,2020-12-31,2021-04-28,无保留意见加事项段,董事会 审计意见 专项说明 300670,300670-2020.pdf,,300670.SZ
600052-2020,,600052,浙江广厦,2020-12-31,2021-04-28,无保留意见加事项段,董事会 审计意见 专项说明 600052,600052-2020.pdf,,600052.SH
600069-2018,,600069,退市银鸽,2018-12-31,2019-04-24,保留意见,董事会 审计意见 专项说明 600069,600069-2018.pdf,,600069.SH
600069-2019,,600069,退市银鸽,2019-12-31,2020-04-27,无法发表意见,董事会 审计意见 专项说明 600069,600069-2019.pdf,,600069.SH
600070-2019,,600070,浙江富润,2019-12-31,2020-04-26,无保留意见加事项段,董事会 审计意见 专项说明 600070,600070-2019.pdf,,600070.SH
600070-2020,,600070,浙江富润,2020-12-31,2021-04-25,无保留意见加事项段,董事会 审计意见 专项说明 600070,600070-2020.pdf,,600070.SH
600074-2017,,600074,退市保千,2017-12-31,2018-04-26,无法发表意见,董事会 审计意见 专项说明 600074,600074-2017.pdf,,600074.SH
600074-2018,,600074,退市保千,2018-12-31,2019-04-24,无法发表意见,董事会 审计意见 专项说明 600074,600074-2018.pdf,,600074.SH
600074-2019,,600074,退市保千,2019-12-31,2020-03-11,无法发表意见,董事会 审计意见 专项说明 600074,600074-2019.pdf,,600074.SH
600077-2020,,600077,宋都股份,2020-12-31,2021-04-28,无保留意见加事项段,董事会 审计意见 专项说明 600077,600077-2020.pdf,,600077.SH
600078-2020,,600078,*ST 澄星,2020-12-31,2021-04-28,无法发表意见,董事会 审计意见 专项说明 600078,600078-2020.pdf,,600078.SH
600080-2019,,600080,金花股份,2019-12-31,2020-04-28,保留意见,董事会 审计意见 专项说明 600080,600080-2019.pdf,,600080.SH
600083-2018,,600083,*ST 博信,2018-12-31,2019-04-28,保留意见,董事会 审计意见 专项说明 600083,600083-2018.pdf,,600083.SH
600083-2019,,600083,*ST 博信,2019-12-31,2020-04-26,保留意见加事项段,董事会 审计意见 专项说明 600083,600083-2019.pdf,,600083.SH
600084-2018,,600084,*ST 中葡,2018-12-31,2019-04-23,无保留意见加事项段,董事会 审计意见 专项说明 600084,600084-2018.pdf,,600084.SH
600086-2018,,600086,退市金钰,2018-12-31,2019-04-27,保留意见,董事会 审计意见 专项说明 600086,600086-2018.pdf,,600086.SH
600086-2019,,600086,退市金钰,2019-12-31,2020-06-22,无法发表意见,董事会 审计意见 专项说明 600086,600086-2019.pdf,,600086.SH
600090-2019,,600090,*ST 济堂,2019-12-31,2020-06-29,无法发表意见,董事会 审计意见 专项说明 600090,600090-2019.pdf,,600090.SH
600090-2020,,600090,*ST 济堂,2020-12-31,2021-04-29,无法发表意见,董事会 审计意见 专项说明 600090,600090-2020.pdf,,600090.SH
600091-2017,,600091,*ST 明科,2017-12-31,2018-04-24,无保留意见加事项段,董事会 审计意见 专项说明 600091,600091-2017.pdf,,600091.SH
600091-2020,,600091,*ST 明科,2020-12-31,2021-04-27,无法发表意见,董事会 审计意见 专项说明 600091,600091-2020.pdf,,600091.SH
600093-2020,,600093,*ST 易见,2020-12-31,2021-07-03,无法发表意见,董事会 审计意见 专项说明 600093,600093-2020.pdf,,600093.SH
600112-2018,,600112,*ST 天成,2018-12-31,2019-04-25,保留意见,董事会 审计意见 专项说明 600112,600112-2018.pdf,,600112.SH
600112-2019,,600112,*ST 天成,2019-12-31,2020-06-27,保留意见加事项段,董事会 审计意见 专项说明 600112,600112-2019.pdf,,600112.SH
600112-2020,,600112,*ST 天成,2020-12-31,2021-04-28,无法发表意见,董事会 审计意见 专项说明 600112,600112-2020.pdf,,600112.SH
600117-2020,,600117,西宁特钢,2020-12-31,2021-04-27,无保留意见加事项段,董事会 审计意见 专项说明 600117,600117-2020.pdf,,600117.SH
600119-2018,,600119,长江投资,2018-12-31,2019-04-28,无保留意见加事项段,董事会 审计意见 专项说明 600119,600119-2018.pdf,,600119.SH
600119-2019,,600119,长江投资,2019-12-31,2020-04-09,无保留意见加事项段,董事会 审计意见 专项说明 600119,600119-2019.pdf,,600119.SH
600121-2019,,600121,郑州煤电,2019-12-31,2020-04-27,无保留意见加事项段,董事会 审计意见 专项说明 600121,600121-2019.pdf,,600121.SH
600121-2020,,600121,郑州煤电,2020-12-31,2021-04-28,无保留意见加事项段,董事会 审计意见 专项说明 600121,600121-2020.pdf,,600121.SH
600122-2018,,600122,ST 宏图,2018-12-31,2019-04-25,无保留意见加事项段,董事会 审计意见 专项说明 600122,600122-2018.pdf,,600122.SH
600122-2019,,600122,ST 宏图,2019-12-31,2020-04-28,无保留意见加事项段,董事会 审计意见 专项说明 600122,600122-2019.pdf,,600122.SH
600122-2020,,600122,ST 宏图,2020-12-31,2021-04-28,无保留意见加事项段,董事会 审计意见 专项说明 600122,600122-2020.pdf,,600122.SH
600139-2018,,600139,ST 西源,2018-12-31,2019-04-29,保留意见,董事会 审计意见 专项说明 600139,600139-2018.pdf,,600139.SH
600139-2019,,600139,ST 西源,2019-12-31,2020-04-29,保留意见加事项段,董事会 审计意见 专项说明 600139,600139-2019.pdf,,600139.SH
600139-2020,,600139,ST 西源,2020-12-31,2021-04-29,保留意见加事项段,董事会 审计意见 专项说明 600139,600139-2020.pdf,,600139.SH
600145-2017,,600145,*ST 新亿,2017-12-31,2018-04-26,保留意见,董事会 审计意见 专项说明 600145,600145-2017.pdf,,600145.SH
600145-2018,,600145,*ST 新亿,2018-12-31,2019-04-29,无法发表意见,董事会 审计意见 专项说明 600145,600145-2018.pdf,,600145.SH
600145-2019,,600145,*ST 新亿,2019-12-31,2020-08-25,保留意见加事项段,董事会 审计意见 专项说明 600145,600145-2019.pdf,,600145.SH
600145-2020,,600145,*ST 新亿,2020-12-31,2021-04-24,保留意见,董事会 审计意见 专项说明 600145,600145-2020.pdf,,600145.SH
600146-2018,,600146,*ST 环球,2018-12-31,2019-04-28,无保留意见加事项段,董事会 审计意见 专项说明 600146,600146-2018.pdf,,600146.SH
600146-2019,,600146,*ST 环球,2019-12-31,2020-06-22,保留意见加事项段,董事会 审计意见 专项说明 600146,600146-2019.pdf,,600146.SH
600146-2020,,600146,*ST 环球,2020-12-31,2021-04-28,保留意见加事项段,董事会 审计意见 专项说明 600146,600146-2020.pdf,,600146.SH
600157-2018,,600157,永泰能源,2018-12-31,2019-04-27,无保留意见加事项段,董事会 审计意见 专项说明 600157,600157-2018.pdf,,600157.SH
600157-2019,,600157,永泰能源,2019-12-31,2020-04-27,无保留意见加事项段,董事会 审计意见 专项说明 600157,600157-2019.pdf,,600157.SH
600165-2017,,600165,新日恒力,2017-12-31,2018-04-24,保留意见,董事会 审计意见 专项说明 600165,600165-2017.pdf,,600165.SH
600165-2018,,600165,新日恒力,2018-12-31,2019-04-24,保留意见,董事会 审计意见 专项说明 600165,600165-2018.pdf,,600165.SH
600172-2017,,600172,黄河旋风,2017-12-31,2018-04-25,保留意见,董事会 审计意见 专项说明 600172,600172-2017.pdf,,600172.SH
600175-2019,,600175,退市美都,2019-12-31,2020-04-28,无法发表意见,董事会 审计意见 专项说明 600175,600175-2019.pdf,,600175.SH
600179-2018,,600179,安通控股,2018-12-31,2019-04-28,无保留意见加事项段,董事会 审计意见 专项说明 600179,600179-2018.pdf,,600179.SH
600179-2019,,600179,安通控股,2019-12-31,2020-04-28,无法发表意见,董事会 审计意见 专项说明 600179,600179-2019.pdf,,600179.SH
600182-2020,,600182,SST 佳通,2020-12-31,2021-04-22,保留意见,董事会 审计意见 专项说明 600182,600182-2020.pdf,,600182.SH
600186-2018,,600186,莲花健康,2018-12-31,2019-04-25,无保留意见加事项段,董事会 审计意见 专项说明 600186,600186-2018.pdf,,600186.SH
600193-2017,,600193,创兴资源,2017-12-31,2018-04-26,无保留意见加事项段,董事会 审计意见 专项说明 600193,600193-2017.pdf,,600193.SH
600198-2017,,600198,*ST 大唐,2017-12-31,2018-04-24,无保留意见加事项段,董事会 审计意见 专项说明 600198,600198-2017.pdf,,600198.SH
600198-2020,,600198,*ST 大唐,2020-12-31,2021-04-27,无保留意见加事项段,董事会 审计意见 专项说明 600198,600198-2020.pdf,,600198.SH
600215-2019,,600215,长春经开,2019-12-31,2020-04-29,无法发表意见,董事会 审计意见 专项说明 600215,600215-2019.pdf,,600215.SH
600221-2018,,600221,*ST 海航,2018-12-31,2019-04-29,无保留意见加事项段,董事会 审计意见 专项说明 600221,600221-2018.pdf,,600221.SH
600221-2019,,600221,*ST 海航,2019-12-31,2020-04-29,无保留意见加事项段,董事会 审计意见 专项说明 600221,600221-2019.pdf,,600221.SH
600221-2020,,600221,*ST 海航,2020-12-31,2021-04-29,无法发表意见,董事会 审计意见 专项说明 600221,600221-2020.pdf,,600221.SH
600225-2019,,600225,*ST 松江,2019-12-31,2020-04-21,无保留意见加事项段,董事会 审计意见 专项说明 600225,600225-2019.pdf,,600225.SH
600225-2020,,600225,*ST 松江,2020-12-31,2021-04-27,无保留意见加事项段,董事会 审计意见 专项说明 600225,600225-2020.pdf,,600225.SH
600226-2019,,600226,ST 瀚叶,2019-12-31,2020-06-28,无法发表意见,董事会 审计意见 专项说明 600226,600226-2019.pdf,,600226.SH
600226-2020,,600226,ST 瀚叶,2020-12-31,2021-04-28,保留意见加事项段,董事会 审计意见 专项说明 600226,600226-2020.pdf,,600226.SH
600234-2017,,600234,山水文化,2017-12-31,2018-04-26,无保留意见加事项段,董事会 审计意见 专项说明 600234,600234-2017.pdf,,600234.SH
600234-2018,,600234,山水文化,2018-12-31,2019-04-26,无保留意见加事项段,董事会 审计意见 专项说明 600234,600234-2018.pdf,,600234.SH
600239-2020,,600239,*ST 云城,2020-12-31,2021-04-23,无保留意见加事项段,董事会 审计意见 专项说明 600239,600239-2020.pdf,,600239.SH
600240-2018,,600240,退市华业,2018-12-31,2019-04-26,无法发表意见,董事会 审计意见 专项说明 600240,600240-2018.pdf,,600240.SH
600242-2019,,600242,ST 中昌,2019-12-31,2020-06-28,无法发表意见,董事会 审计意见 专项说明 600242,600242-2019.pdf,,600242.SH
600242-2020,,600242,ST 中昌,2020-12-31,2021-04-28,保留意见,董事会 审计意见 专项说明 600242,600242-2020.pdf,,600242.SH
600247-2017,,600247,*ST 成城,2017-12-31,2018-04-27,无保留意见加事项段,董事会 审计意见 专项说明 600247,600247-2017.pdf,,600247.SH
600247-2018,,600247,*ST 成城,2018-12-31,2019-04-29,保留意见,董事会 审计意见 专项说明 600247,600247-2018.pdf,,600247.SH
600247-2019,,600247,*ST 成城,2019-12-31,2020-06-29,无法发表意见,董事会 审计意见 专项说明 600247,600247-2019.pdf,,600247.SH
600255-2018,,600255,鑫科材料,2018-12-31,2019-04-29,保留意见,董事会 审计意见 专项说明 600255,600255-2018.pdf,,600255.SH
600255-2019,,600255,鑫科材料,2019-12-31,2020-04-28,保留意见加事项段,董事会 审计意见 专项说明 600255,600255-2019.pdf,,600255.SH
600265-2017,,600265,*ST 景谷,2017-12-31,2018-03-23,无保留意见加事项段,董事会 审计意见 专项说明 600265,600265-2017.pdf,,600265.SH
600265-2020,,600265,*ST 景谷,2020-12-31,2021-04-28,无保留意见加事项段,董事会 审计意见 专项说明 600265,600265-2020.pdf,,600265.SH
600275-2017,,600275,*ST 昌鱼,2017-12-31,2018-04-25,无保留意见加事项段,董事会 审计意见 专项说明 600275,600275-2017.pdf,,600275.SH
600275-2018,,600275,*ST 昌鱼,2018-12-31,2019-04-22,无保留意见加事项段,董事会 审计意见 专项说明 600275,600275-2018.pdf,,600275.SH
600275-2019,,600275,*ST 昌鱼,2019-12-31,2020-04-28,无保留意见加事项段,董事会 审计意见 专项说明 600275,600275-2019.pdf,,600275.SH
600275-2020,,600275,*ST 昌鱼,2020-12-31,2021-04-28,无保留意见加事项段,董事会 审计意见 专项说明 600275,600275-2020.pdf,,600275.SH
600281-2017,,600281,华阳新材,2017-12-31,2018-04-19,无保留意见加事项段,董事会 审计意见 专项说明 600281,600281-2017.pdf,,600281.SH
600281-2018,,600281,华阳新材,2018-12-31,2019-03-28,无保留意见加事项段,董事会 审计意见 专项说明 600281,600281-2018.pdf,,600281.SH
600289-2017,,600289,ST 信通,2017-12-31,2018-04-23,无法发表意见,董事会 审计意见 专项说明 600289,600289-2017.pdf,,600289.SH
600289-2018,,600289,ST 信通,2018-12-31,2019-04-25,保留意见,董事会 审计意见 专项说明 600289,600289-2018.pdf,,600289.SH
600289-2019,,600289,ST 信通,2019-12-31,2020-05-29,无法发表意见,董事会 审计意见 专项说明 600289,600289-2019.pdf,,600289.SH
600289-2020,,600289,ST 信通,2020-12-31,2021-04-29,无保留意见加事项段,董事会 审计意见 专项说明 600289,600289-2020.pdf,,600289.SH
600290-2019,,600290,ST 华仪,2019-12-31,2020-04-22,保留意见加事项段,董事会 审计意见 专项说明 600290,600290-2019.pdf,,600290.SH
600290-2020,,600290,ST 华仪,2020-12-31,2021-04-24,保留意见加事项段,董事会 审计意见 专项说明 600290,600290-2020.pdf,,600290.SH
600291-2020,,600291,*ST 西水,2020-12-31,2021-04-28,无法发表意见,董事会 审计意见 专项说明 600291,600291-2020.pdf,,600291.SH
600300-2020,,600300,ST 维维,2020-12-31,2021-04-22,无保留意见加事项段,董事会 审计意见 专项说明 600300,600300-2020.pdf,,600300.SH
600301-2017,,600301,*ST 南化,2017-12-31,2018-02-08,无保留意见加事项段,董事会 审计意见 专项说明 600301,600301-2017.pdf,,600301.SH
600306-2018,,600306,*ST 商城,2018-12-31,2019-04-24,无保留意见加事项段,董事会 审计意见 专项说明 600306,600306-2018.pdf,,600306.SH
600306-2019,,600306,*ST 商城,2019-12-31,2020-04-28,无保留意见加事项段,董事会 审计意见 专项说明 600306,600306-2019.pdf,,600306.SH
600306-2020,,600306,*ST 商城,2020-12-31,2021-04-07,无保留意见加事项段,董事会 审计意见 专项说明 600306,600306-2020.pdf,,600306.SH
600310-2017,,600310,桂东电力,2017-12-31,2018-04-24,无保留意见加事项段,董事会 审计意见 专项说明 600310,600310-2017.pdf,,600310.SH
600313-2017,,600313,农发种业,2017-12-31,2018-04-25,保留意见,董事会 审计意见 专项说明 600313,600313-2017.pdf,,600313.SH
600319-2017,,600319,*ST 亚星,2017-12-31,2018-03-22,无保留意见加事项段,董事会 审计意见 专项说明 600319,600319-2017.pdf,,600319.SH
600319-2018,,600319,*ST 亚星,2018-12-31,2019-04-28,无保留意见加事项段,董事会 审计意见 专项说明 600319,600319-2018.pdf,,600319.SH
600319-2019,,600319,*ST 亚星,2019-12-31,2020-04-27,无保留意见加事项段,董事会 审计意见 专项说明 600319,600319-2019.pdf,,600319.SH
600319-2020,,600319,*ST 亚星,2020-12-31,2021-04-28,无保留意见加事项段,董事会 审计意见 专项说明 600319,600319-2020.pdf,,600319.SH
600331-2017,,600331,宏达股份,2017-12-31,2018-04-25,保留意见,董事会 审计意见 专项说明 600331,600331-2017.pdf,,600331.SH
600331-2018,,600331,宏达股份,2018-12-31,2019-04-25,无保留意见加事项段,董事会 审计意见 专项说明 600331,600331-2018.pdf,,600331.SH
600331-2019,,600331,宏达股份,2019-12-31,2020-04-01,无保留意见加事项段,董事会 审计意见 专项说明 600331,600331-2019.pdf,,600331.SH
600331-2020,,600331,宏达股份,2020-12-31,2021-04-28,保留意见加事项段,董事会 审计意见 专项说明 600331,600331-2020.pdf,,600331.SH
600340-2020,,600340,华夏幸福,2020-12-31,2021-04-29,无保留意见加事项段,董事会 审计意见 专项说明 600340,600340-2020.pdf,,600340.SH
600358-2019,,600358,国旅联合,2019-12-31,2020-04-29,保留意见,董事会 审计意见 专项说明 600358,600358-2019.pdf,,600358.SH
600382-2020,,600382,*ST 广珠,2020-12-31,2021-04-28,无法发表意见,董事会 审计意见 专项说明 600382,600382-2020.pdf,,600382.SH
600385-2017,,600385,*ST 金泰,2017-12-31,2018-04-16,无保留意见加事项段,董事会 审计意见 专项说明 600385,600385-2017.pdf,,600385.SH
600385-2018,,600385,*ST 金泰,2018-12-31,2019-04-23,保留意见,董事会 审计意见 专项说明 600385,600385-2018.pdf,,600385.SH
600385-2019,,600385,*ST 金泰,2019-12-31,2020-04-20,无保留意见加事项段,董事会 审计意见 专项说明 600385,600385-2019.pdf,,600385.SH
600385-2020,,600385,*ST 金泰,2020-12-31,2021-04-22,无保留意见加事项段,董事会 审计意见 专项说明 600385,600385-2020.pdf,,600385.SH
600387-2019,,600387,ST 海越,2019-12-31,2020-04-30,无保留意见加事项段,董事会 审计意见 专项说明 600387,600387-2019.pdf,,600387.SH
600393-2018,,600393,ST 粤泰,2018-12-31,2019-04-28,无保留意见加事项段,董事会 审计意见 专项说明 600393,600393-2018.pdf,,600393.SH
600393-2020,,600393,ST 粤泰,2020-12-31,2021-04-28,保留意见,董事会 审计意见 专项说明 600393,600393-2020.pdf,,600393.SH
600399-2017,,600399,抚顺特钢,2017-12-31,2018-06-22,无法发表意见,董事会 审计意见 专项说明 600399,600399-2017.pdf,,600399.SH
600401-2017,,600401,退市海润,2017-12-31,2018-04-27,无法发表意见,董事会 审计意见 专项说明 600401,600401-2017.pdf,,600401.SH
600401-2018,,600401,退市海润,2018-12-31,2019-04-29,无法发表意见,董事会 审计意见 专项说明 600401,600401-2018.pdf,,600401.SH
600403-2020,,600403,ST 大有,2020-12-31,2021-04-26,保留意见,董事会 审计意见 专项说明 600403,600403-2020.pdf,,600403.SH
600408-2017,,600408,ST 安泰,2017-12-31,2018-04-19,无保留意见加事项段,董事会 审计意见 专项说明 600408,600408-2017.pdf,,600408.SH
600408-2018,,600408,ST 安泰,2018-12-31,2019-03-20,无保留意见加事项段,董事会 审计意见 专项说明 600408,600408-2018.pdf,,600408.SH
600408-2019,,600408,ST 安泰,2019-12-31,2020-04-27,无保留意见加事项段,董事会 审计意见 专项说明 600408,600408-2019.pdf,,600408.SH
600408-2020,,600408,ST 安泰,2020-12-31,2021-04-28,保留意见,董事会 审计意见 专项说明 600408,600408-2020.pdf,,600408.SH
600421-2017,,600421,华嵘控股,2017-12-31,2018-04-28,无保留意见加事项段,董事会 审计意见 专项说明 600421,600421-2017.pdf,,600421.SH
600421-2018,,600421,华嵘控股,2018-12-31,2019-04-24,无保留意见加事项段,董事会 审计意见 专项说明 600421,600421-2018.pdf,,600421.SH
600421-2019,,600421,华嵘控股,2019-12-31,2020-04-28,无保留意见加事项段,董事会 审计意见 专项说明 600421,600421-2019.pdf,,600421.SH
600423-2017,,600423,柳化股份,2017-12-31,2018-02-08,无保留意见加事项段,董事会 审计意见 专项说明 600423,600423-2017.pdf,,600423.SH
600423-2018,,600423,柳化股份,2018-12-31,2019-03-18,无保留意见加事项段,董事会 审计意见 专项说明 600423,600423-2018.pdf,,600423.SH
600423-2019,,600423,柳化股份,2019-12-31,2020-04-29,无保留意见加事项段,董事会 审计意见 专项说明 600423,600423-2019.pdf,,600423.SH
600423-2020,,600423,柳化股份,2020-12-31,2021-04-14,无保留意见加事项段,董事会 审计意见 专项说明 600423,600423-2020.pdf,,600423.SH
600432-2017,,600432,退市吉恩,2017-12-31,2018-04-27,保留意见,董事会 审计意见 专项说明 600432,600432-2017.pdf,,600432.SH
600462-2018,,600462,ST 九有,2018-12-31,2019-04-29,无法发表意见,董事会 审计意见 专项说明 600462,600462-2018.pdf,,600462.SH
600462-2019,,600462,ST 九有,2019-12-31,2020-04-27,无保留意见加事项段,董事会 审计意见 专项说明 600462,600462-2019.pdf,,600462.SH
600462-2020,,600462,ST 九有,2020-12-31,2021-04-27,无保留意见加事项段,董事会 审计意见 专项说明 600462,600462-2020.pdf,,600462.SH
600485-2017,,600485,*ST 信威,2017-12-31,2018-04-26,保留意见,董事会 审计意见 专项说明 600485,600485-2017.pdf,,600485.SH
600485-2018,,600485,*ST 信威,2018-12-31,2019-04-26,无法发表意见,董事会 审计意见 专项说明 600485,600485-2018.pdf,,600485.SH
600485-2019,,600485,*ST 信威,2019-12-31,2020-04-20,无法发表意见,董事会 审计意见 专项说明 600485,600485-2019.pdf,,600485.SH
600485-2020,,600485,*ST 信威,2020-12-31,2021-04-28,无法发表意见,董事会 审计意见 专项说明 600485,600485-2020.pdf,,600485.SH
600490-2018,,600490,鹏欣资源,2018-12-31,2019-04-23,无保留意见加事项段,董事会 审计意见 专项说明 600490,600490-2018.pdf,,600490.SH
600515-2018,,600515,*ST 基础,2018-12-31,2019-04-29,无保留意见加事项段,董事会 审计意见 专项说明 600515,600515-2018.pdf,,600515.SH
600515-2019,,600515,*ST 基础,2019-12-31,2020-04-29,无保留意见加事项段,董事会 审计意见 专项说明 600515,600515-2019.pdf,,600515.SH
600515-2020,,600515,*ST 基础,2020-12-31,2021-04-29,无法发表意见,董事会 审计意见 专项说明 600515,600515-2020.pdf,,600515.SH
600518-2018,,600518,*ST 康美,2018-12-31,2019-04-28,保留意见,董事会 审计意见 专项说明 600518,600518-2018.pdf,,600518.SH
600518-2019,,600518,*ST 康美,2019-12-31,2020-06-16,保留意见加事项段,董事会 审计意见 专项说明 600518,600518-2019.pdf,,600518.SH
600518-2020,,600518,*ST 康美,2020-12-31,2021-04-26,无法发表意见,董事会 审计意见 专项说明 600518,600518-2020.pdf,,600518.SH
600520-2020,,600520,文一科技,2020-12-31,2021-04-27,保留意见,董事会 审计意见 专项说明 600520,600520-2020.pdf,,600520.SH
600525-2018,,600525,长园集团,2018-12-31,2019-04-25,保留意见,董事会 审计意见 专项说明 600525,600525-2018.pdf,,600525.SH
600532-2017,,600532,未来股份,2017-12-31,2018-04-23,保留意见,董事会 审计意见 专项说明 600532,600532-2017.pdf,,600532.SH
600532-2018,,600532,未来股份,2018-12-31,2019-04-23,保留意见,董事会 审计意见 专项说明 600532,600532-2018.pdf,,600532.SH
600532-2019,,600532,未来股份,2019-12-31,2020-04-23,保留意见加事项段,董事会 审计意见 专项说明 600532,600532-2019.pdf,,600532.SH
600532-2020,,600532,未来股份,2020-12-31,2021-04-23,无保留意见加事项段,董事会 审计意见 专项说明 600532,600532-2020.pdf,,600532.SH
600545-2019,,600545,卓郎智能,2019-12-31,2020-06-29,保留意见,董事会 审计意见 专项说明 600545,600545-2019.pdf,,600545.SH
600546-2017,,600546,山煤国际,2017-12-31,2018-04-26,无保留意见加事项段,董事会 审计意见 专项说明 600546,600546-2017.pdf,,600546.SH
600555-2018,,600555,*ST 海创,2018-12-31,2019-04-26,无保留意见加事项段,董事会 审计意见 专项说明 600555,600555-2018.pdf,,600555.SH
600555-2019,,600555,*ST 海创,2019-12-31,2020-04-29,无保留意见加事项段,董事会 审计意见 专项说明 600555,600555-2019.pdf,,600555.SH
600555-2020,,600555,*ST 海创,2020-12-31,2021-04-29,保留意见加事项段,董事会 审计意见 专项说明 600555,600555-2020.pdf,,600555.SH
600568-2018,,600568,ST 中珠,2018-12-31,2019-04-29,保留意见,董事会 审计意见 专项说明 600568,600568-2018.pdf,,600568.SH
600568-2019,,600568,ST 中珠,2019-12-31,2020-05-29,保留意见,董事会 审计意见 专项说明 600568,600568-2019.pdf,,600568.SH
600568-2020,,600568,ST 中珠,2020-12-31,2021-04-27,保留意见,董事会 审计意见 专项说明 600568,600568-2020.pdf,,600568.SH
600570-2017,,600570,恒生电子,2017-12-31,2018-03-23,无保留意见加事项段,董事会 审计意见 专项说明 600570,600570-2017.pdf,,600570.SH
600570-2018,,600570,恒生电子,2018-12-31,2019-03-28,无保留意见加事项段,董事会 审计意见 专项说明 600570,600570-2018.pdf,,600570.SH
600589-2019,,600589,ST 榕泰,2019-12-31,2020-06-22,保留意见加事项段,董事会 审计意见 专项说明 600589,600589-2019.pdf,,600589.SH
600589-2020,,600589,ST 榕泰,2020-12-31,2021-04-28,保留意见加事项段,董事会 审计意见 专项说明 600589,600589-2020.pdf,,600589.SH
600593-2020,,600593,*ST 圣亚,2020-12-31,2021-04-29,保留意见,董事会 审计意见 专项说明 600593,600593-2020.pdf,,600593.SH
600595-2018,,600595,*ST 中孚,2018-12-31,2019-04-28,无保留意见加事项段,董事会 审计意见 专项说明 600595,600595-2018.pdf,,600595.SH
600595-2019,,600595,*ST 中孚,2019-12-31,2020-04-20,无保留意见加事项段,董事会 审计意见 专项说明 600595,600595-2019.pdf,,600595.SH
600595-2020,,600595,*ST 中孚,2020-12-31,2021-04-28,无保留意见加事项段,董事会 审计意见 专项说明 600595,600595-2020.pdf,,600595.SH
600599-2018,,600599,ST 熊猫,2018-12-31,2019-04-18,无保留意见加事项段,董事会 审计意见 专项说明 600599,600599-2018.pdf,,600599.SH
600599-2019,,600599,ST 熊猫,2019-12-31,2020-06-09,保留意见,董事会 审计意见 专项说明 600599,600599-2019.pdf,,600599.SH
600599-2020,,600599,ST 熊猫,2020-12-31,2021-04-29,保留意见,董事会 审计意见 专项说明 600599,600599-2020.pdf,,600599.SH
600601-2020,,600601,ST 方科,2020-12-31,2021-04-28,无保留意见加事项段,董事会 审计意见 专项说明 600601,600601-2020.pdf,,600601.SH
600610-2017,,600610,中毅达,2017-12-31,2018-08-27,无法发表意见,董事会 审计意见 专项说明 600610,600610-2017.pdf,,600610.SH
600610-2018,,600610,中毅达,2018-12-31,2019-06-27,无法发表意见,董事会 审计意见 专项说明 600610,600610-2018.pdf,,600610.SH
600614-2018,,600614,退市鹏起,2018-12-31,2019-04-25,无法发表意见,董事会 审计意见 专项说明 600614,600614-2018.pdf,,600614.SH
600614-2019,,600614,退市鹏起,2019-12-31,2020-06-22,无法发表意见,董事会 审计意见 专项说明 600614,600614-2019.pdf,,600614.SH
600614-2020,,600614,退市鹏起,2020-12-31,2021-04-29,无法发表意见,董事会 审计意见 专项说明 600614,600614-2020.pdf,,600614.SH
600615-2018,,600615,*ST 丰华,2018-12-31,2019-04-25,保留意见,董事会 审计意见 专项说明 600615,600615-2018.pdf,,600615.SH
600624-2020,,600624,复旦复华,2020-12-31,2021-04-28,保留意见,董事会 审计意见 专项说明 600624,600624-2020.pdf,,600624.SH
600634-2017,,600634,退市富控,2017-12-31,2018-04-26,无法发表意见,董事会 审计意见 专项说明 600634,600634-2017.pdf,,600634.SH
600634-2018,,600634,退市富控,2018-12-31,2019-04-25,保留意见,董事会 审计意见 专项说明 600634,600634-2018.pdf,,600634.SH
600634-2019,,600634,退市富控,2019-12-31,2020-08-24,否定意见,董事会 审计意见 专项说明 600634,600634-2019.pdf,,600634.SH
600634-2020,,600634,退市富控,2020-12-31,2021-04-30,无法发表意见,董事会 审计意见 专项说明 600634,600634-2020.pdf,,600634.SH
600638-2019,,600638,新黄浦,2019-12-31,2020-04-28,保留意见,董事会 审计意见 专项说明 600638,600638-2019.pdf,,600638.SH
600654-2017,,600654,ST 中安,2017-12-31,2018-04-27,无保留意见加事项段,董事会 审计意见 专项说明 600654,600654-2017.pdf,,600654.SH
600654-2018,,600654,ST 中安,2018-12-31,2019-04-29,无保留意见加事项段,董事会 审计意见 专项说明 600654,600654-2018.pdf,,600654.SH
600654-2019,,600654,ST 中安,2019-12-31,2020-04-28,无保留意见加事项段,董事会 审计意见 专项说明 600654,600654-2019.pdf,,600654.SH
600666-2018,,600666,ST 瑞德,2018-12-31,2019-04-24,保留意见,董事会 审计意见 专项说明 600666,600666-2018.pdf,,600666.SH
600666-2019,,600666,ST 瑞德,2019-12-31,2020-04-23,无保留意见加事项段,董事会 审计意见 专项说明 600666,600666-2019.pdf,,600666.SH
600666-2020,,600666,ST 瑞德,2020-12-31,2021-04-16,无保留意见加事项段,董事会 审计意见 专项说明 600666,600666-2020.pdf,,600666.SH
600671-2019,,600671,ST 目药,2019-12-31,2020-06-10,无法发表意见,董事会 审计意见 专项说明 600671,600671-2019.pdf,,600671.SH
600671-2020,,600671,ST 目药,2020-12-31,2021-04-29,无保留意见加事项段,董事会 审计意见 专项说明 600671,600671-2020.pdf,,600671.SH
600677-2019,,600677,*ST 航通,2019-12-31,2020-04-28,无法发表意见,董事会 审计意见 专项说明 600677,600677-2019.pdf,,600677.SH
600680-2017,,600680,*ST 上普,2017-12-31,2018-05-02,无保留意见加事项段,董事会 审计意见 专项说明 600680,600680-2017.pdf,,600680.SH
600680-2018,,600680,*ST 上普,2018-12-31,2019-04-26,无保留意见加事项段,董事会 审计意见 专项说明 600680,600680-2018.pdf,,600680.SH
600682-2018,,600682,南京新百,2018-12-31,2019-04-25,无保留意见加事项段,董事会 审计意见 专项说明 600682,600682-2018.pdf,,600682.SH
600687-2018,,600687,退市刚泰,2018-12-31,2019-04-27,无法发表意见,董事会 审计意见 专项说明 600687,600687-2018.pdf,,600687.SH
600687-2019,,600687,退市刚泰,2019-12-31,2020-04-27,保留意见加事项段,董事会 审计意见 专项说明 600687,600687-2019.pdf,,600687.SH
600701-2017,,600701,退市工新,2017-12-31,2018-04-27,无法发表意见,董事会 审计意见 专项说明 600701,600701-2017.pdf,,600701.SH
600701-2018,,600701,退市工新,2018-12-31,2019-04-28,保留意见,董事会 审计意见 专项说明 600701,600701-2018.pdf,,600701.SH
600701-2019,,600701,退市工新,2019-12-31,2020-04-27,无法发表意见,董事会 审计意见 专项说明 600701,600701-2019.pdf,,600701.SH
600701-2020,,600701,退市工新,2020-12-31,2021-02-06,无法发表意见,董事会 审计意见 专项说明 600701,600701-2020.pdf,,600701.SH
600721-2018,,600721,*ST 百花,2018-12-31,2019-04-25,保留意见,董事会 审计意见 专项说明 600721,600721-2018.pdf,,600721.SH
600725-2017,,600725,云维股份,2017-12-31,2018-03-28,无保留意见加事项段,董事会 审计意见 专项说明 600725,600725-2017.pdf,,600725.SH
600725-2018,,600725,云维股份,2018-12-31,2019-03-21,无保留意见加事项段,董事会 审计意见 专项说明 600725,600725-2018.pdf,,600725.SH
600725-2019,,600725,云维股份,2019-12-31,2020-03-16,无保留意见加事项段,董事会 审计意见 专项说明 600725,600725-2019.pdf,,600725.SH
600725-2020,,600725,云维股份,2020-12-31,2021-03-17,无保留意见加事项段,董事会 审计意见 专项说明 600725,600725-2020.pdf,,600725.SH
600734-2019,,600734,*ST 实达,2019-12-31,2020-06-12,保留意见加事项段,董事会 审计意见 专项说明 600734,600734-2019.pdf,,600734.SH
600734-2020,,600734,*ST 实达,2020-12-31,2021-04-29,保留意见加事项段,董事会 审计意见 专项说明 600734,600734-2020.pdf,,600734.SH
600747-2017,,600747,退市大控,2017-12-31,2018-04-27,保留意见,董事会 审计意见 专项说明 600747,600747-2017.pdf,,600747.SH
600747-2018,,600747,退市大控,2018-12-31,2019-04-29,无法发表意见,董事会 审计意见 专项说明 600747,600747-2018.pdf,,600747.SH
600751-2017,,600751,海航科技,2017-12-31,2018-04-27,无保留意见加事项段,董事会 审计意见 专项说明 600751,600751-2017.pdf,,600751.SH
600751-2018,,600751,海航科技,2018-12-31,2019-04-25,无保留意见加事项段,董事会 审计意见 专项说明 600751,600751-2018.pdf,,600751.SH
600751-2019,,600751,海航科技,2019-12-31,2020-04-17,无保留意见加事项段,董事会 审计意见 专项说明 600751,600751-2019.pdf,,600751.SH
600751-2020,,600751,海航科技,2020-12-31,2021-04-12,保留意见,董事会 审计意见 专项说明 600751,600751-2020.pdf,,600751.SH
600759-2018,,600759,洲际油气,2018-12-31,2019-04-25,无保留意见加事项段,董事会 审计意见 专项说明 600759,600759-2018.pdf,,600759.SH
600759-2019,,600759,洲际油气,2019-12-31,2020-06-28,保留意见,董事会 审计意见 专项说明 600759,600759-2019.pdf,,600759.SH
600759-2020,,600759,洲际油气,2020-12-31,2021-04-29,无保留意见加事项段,董事会 审计意见 专项说明 600759,600759-2020.pdf,,600759.SH
600768-2017,,600768,宁波富邦,2017-12-31,2018-03-30,无保留意见加事项段,董事会 审计意见 专项说明 600768,600768-2017.pdf,,600768.SH
600768-2018,,600768,宁波富邦,2018-12-31,2019-04-28,无保留意见加事项段,董事会 审计意见 专项说明 600768,600768-2018.pdf,,600768.SH
600781-2019,,600781,ST 辅仁,2019-12-31,2020-06-22,无法发表意见,董事会 审计意见 专项说明 600781,600781-2019.pdf,,600781.SH
600781-2020,,600781,ST 辅仁,2020-12-31,2021-04-28,保留意见,董事会 审计意见 专项说明 600781,600781-2020.pdf,,600781.SH
600800-2017,,600800,渤海化学,2017-12-31,2018-04-11,无保留意见加事项段,董事会 审计意见 专项说明 600800,600800-2017.pdf,,600800.SH
600800-2018,,600800,渤海化学,2018-12-31,2019-03-11,无保留意见加事项段,董事会 审计意见 专项说明 600800,600800-2018.pdf,,600800.SH
600804-2019,,600804,鹏博士,2019-12-31,2020-05-18,无保留意见加事项段,董事会 审计意见 专项说明 600804,600804-2019.pdf,,600804.SH
600804-2020,,600804,鹏博士,2020-12-31,2021-04-26,无保留意见加事项段,董事会 审计意见 专项说明 600804,600804-2020.pdf,,600804.SH
600806-2017,,600806,退市昆机,2017-12-31,2018-04-27,无保留意见加事项段,董事会 审计意见 专项说明 600806,600806-2017.pdf,,600806.SH
600807-2017,,600807,济南高新,2017-12-31,2018-04-26,无法发表意见,董事会 审计意见 专项说明 600807,600807-2017.pdf,,600807.SH
600807-2018,,600807,济南高新,2018-12-31,2019-04-12,无保留意见加事项段,董事会 审计意见 专项说明 600807,600807-2018.pdf,,600807.SH
600815-2018,,600815,厦工股份,2018-12-31,2019-04-26,无保留意见加事项段,董事会 审计意见 专项说明 600815,600815-2018.pdf,,600815.SH
600816-2019,,600816,ST 安信,2019-12-31,2020-04-28,保留意见加事项段,董事会 审计意见 专项说明 600816,600816-2019.pdf,,600816.SH
600816-2020,,600816,ST 安信,2020-12-31,2021-04-28,保留意见加事项段,董事会 审计意见 专项说明 600816,600816-2020.pdf,,600816.SH
600844-2018,,600844,丹化科技,2018-12-31,2019-03-31,无保留意见加事项段,董事会 审计意见 专项说明 600844,600844-2018.pdf,,600844.SH
600844-2019,,600844,丹化科技,2019-12-31,2020-04-29,保留意见,董事会 审计意见 专项说明 600844,600844-2019.pdf,,600844.SH
600844-2020,,600844,丹化科技,2020-12-31,2021-04-13,无保留意见加事项段,董事会 审计意见 专项说明 600844,600844-2020.pdf,,600844.SH
600856-2018,,600856,ST 中天,2018-12-31,2019-04-29,保留意见,董事会 审计意见 专项说明 600856,600856-2018.pdf,,600856.SH
600856-2019,,600856,ST 中天,2019-12-31,2020-04-27,无保留意见加事项段,董事会 审计意见 专项说明 600856,600856-2019.pdf,,600856.SH
600856-2020,,600856,ST 中天,2020-12-31,2021-03-29,无保留意见加事项段,董事会 审计意见 专项说明 600856,600856-2020.pdf,,600856.SH
600857-2017,,600857,宁波中百,2017-12-31,2018-04-20,无保留意见加事项段,董事会 审计意见 专项说明 600857,600857-2017.pdf,,600857.SH
600870-2017,,600870,*ST 厦华,2017-12-31,2018-04-24,无保留意见加事项段,董事会 审计意见 专项说明 600870,600870-2017.pdf,,600870.SH
600870-2018,,600870,*ST 厦华,2018-12-31,2019-03-29,无保留意见加事项段,董事会 审计意见 专项说明 600870,600870-2018.pdf,,600870.SH
600870-2019,,600870,*ST 厦华,2019-12-31,2020-04-28,无保留意见加事项段,董事会 审计意见 专项说明 600870,600870-2019.pdf,,600870.SH
600870-2020,,600870,*ST 厦华,2020-12-31,2021-04-29,无保留意见加事项段,董事会 审计意见 专项说明 600870,600870-2020.pdf,,600870.SH
600877-2017,,600877,电能股份,2017-12-31,2018-03-22,无保留意见加事项段,董事会 审计意见 专项说明 600877,600877-2017.pdf,,600877.SH
600882-2019,,600882,妙可蓝多,2019-12-31,2020-04-28,无保留意见加事项段,董事会 审计意见 专项说明 600882,600882-2019.pdf,,600882.SH
600890-2017,,600890,*ST 中房,2017-12-31,2018-04-18,无保留意见加事项段,董事会 审计意见 专项说明 600890,600890-2017.pdf,,600890.SH
600890-2018,,600890,*ST 中房,2018-12-31,2019-04-25,无保留意见加事项段,董事会 审计意见 专项说明 600890,600890-2018.pdf,,600890.SH
600890-2019,,600890,*ST 中房,2019-12-31,2020-04-23,无保留意见加事项段,董事会 审计意见 专项说明 600890,600890-2019.pdf,,600890.SH
600890-2020,,600890,*ST 中房,2020-12-31,2021-04-01,无保留意见加事项段,董事会 审计意见 专项说明 600890,600890-2020.pdf,,600890.SH
600891-2018,,600891,退市秋林,2018-12-31,2019-04-28,无法发表意见,董事会 审计意见 专项说明 600891,600891-2018.pdf,,600891.SH
600891-2019,,600891,退市秋林,2019-12-31,2020-02-28,无法发表意见,董事会 审计意见 专项说明 600891,600891-2019.pdf,,600891.SH
600891-2020,,600891,退市秋林,2020-12-31,2021-02-19,无法发表意见,董事会 审计意见 专项说明 600891,600891-2020.pdf,,600891.SH
600898-2019,,600898,ST 美讯,2019-12-31,2020-04-27,无保留意见加事项段,董事会 审计意见 专项说明 600898,600898-2019.pdf,,600898.SH
600978-2019,,600978,*ST 宜生,2019-12-31,2020-04-28,无法发表意见,董事会 审计意见 专项说明 600978,600978-2019.pdf,,600978.SH
601020-2020,,601020,ST 华钰,2020-12-31,2021-04-28,保留意见,董事会 审计意见 专项说明 601020,601020-2020.pdf,,601020.SH
601101-2019,,601101,昊华能源,2019-12-31,2020-04-24,保留意见,董事会 审计意见 专项说明 601101,601101-2019.pdf,,601101.SH
601113-2019,,601113,ST 华鼎,2019-12-31,2020-04-29,保留意见,董事会 审计意见 专项说明 601113,601113-2019.pdf,,601113.SH
601113-2020,,601113,ST 华鼎,2020-12-31,2021-04-27,保留意见,董事会 审计意见 专项说明 601113,601113-2020.pdf,,601113.SH
601218-2019,,601218,吉鑫科技,2019-12-31,2020-04-20,保留意见,董事会 审计意见 专项说明 601218,601218-2019.pdf,,601218.SH
601258-2018,,601258,庞大集团,2018-12-31,2019-04-29,保留意见,董事会 审计意见 专项说明 601258,601258-2018.pdf,,601258.SH
601558-2017,,601558,退市锐电,2017-12-31,2018-03-29,无保留意见加事项段,董事会 审计意见 专项说明 601558,601558-2017.pdf,,601558.SH
601558-2018,,601558,退市锐电,2018-12-31,2019-03-28,无保留意见加事项段,董事会 审计意见 专项说明 601558,601558-2018.pdf,,601558.SH
601558-2019,,601558,退市锐电,2019-12-31,2020-04-28,保留意见加事项段,董事会 审计意见 专项说明 601558,601558-2019.pdf,,601558.SH
601579-2018,,601579,会稽山,2018-12-31,2019-04-15,无保留意见加事项段,董事会 审计意见 专项说明 601579,601579-2018.pdf,,601579.SH
601579-2019,,601579,会稽山,2019-12-31,2020-04-15,无保留意见加事项段,董事会 审计意见 专项说明 601579,601579-2019.pdf,,601579.SH
601579-2020,,601579,会稽山,2020-12-31,2021-04-14,无保留意见加事项段,董事会 审计意见 专项说明 601579,601579-2020.pdf,,601579.SH
601777-2019,,601777,力帆科技,2019-12-31,2020-04-30,保留意见加事项段,董事会 审计意见 专项说明 601777,601777-2019.pdf,,601777.SH
601880-2017,,601880,辽港股份,2017-12-31,2018-03-26,保留意见,董事会 审计意见 专项说明 601880,601880-2017.pdf,,601880.SH
603007-2020,,603007,ST 花王,2020-12-31,2021-04-29,保留意见,董事会 审计意见 专项说明 603007,603007-2020.pdf,,603007.SH
603088-2019,,603088,宁波精达,2019-12-31,2020-04-22,无保留意见加事项段,董事会 审计意见 专项说明 603088,603088-2019.pdf,,603088.SH
603111-2018,,603111,康尼机电,2018-12-31,2019-04-29,无保留意见加事项段,董事会 审计意见 专项说明 603111,603111-2018.pdf,,603111.SH
603111-2019,,603111,康尼机电,2019-12-31,2020-04-02,无保留意见加事项段,董事会 审计意见 专项说明 603111,603111-2019.pdf,,603111.SH
603111-2020,,603111,康尼机电,2020-12-31,2021-04-09,无保留意见加事项段,董事会 审计意见 专项说明 603111,603111-2020.pdf,,603111.SH
603157-2019,,603157,*ST 拉夏,2019-12-31,2020-06-29,保留意见,董事会 审计意见 专项说明 603157,603157-2019.pdf,,603157.SH
603157-2020,,603157,*ST 拉夏,2020-12-31,2021-04-29,保留意见加事项段,董事会 审计意见 专项说明 603157,603157-2020.pdf,,603157.SH
603355-2018,,603355,莱克电气,2018-12-31,2019-04-26,无保留意见加事项段,董事会 审计意见 专项说明 603355,603355-2018.pdf,,603355.SH
603355-2019,,603355,莱克电气,2019-12-31,2020-04-28,无保留意见加事项段,董事会 审计意见 专项说明 603355,603355-2019.pdf,,603355.SH
603555-2017,,603555,ST 贵人,2017-12-31,2018-04-26,无保留意见加事项段,董事会 审计意见 专项说明 603555,603555-2017.pdf,,603555.SH
603555-2019,,603555,ST 贵人,2019-12-31,2020-04-28,保留意见加事项段,董事会 审计意见 专项说明 603555,603555-2019.pdf,,603555.SH
603555-2020,,603555,ST 贵人,2020-12-31,2021-04-26,无保留意见加事项段,董事会 审计意见 专项说明 603555,603555-2020.pdf,,603555.SH
603557-2020,,603557,ST 起步,2020-12-31,2021-04-27,保留意见,董事会 审计意见 专项说明 603557,603557-2020.pdf,,603557.SH
603603-2019,,603603,博天环境,2019-12-31,2020-06-17,保留意见加事项段,董事会 审计意见 专项说明 603603,603603-2019.pdf,,603603.SH
603603-2020,,603603,博天环境,2020-12-31,2021-03-29,无保留意见加事项段,董事会 审计意见 专项说明 603603,603603-2020.pdf,,603603.SH
603619-2019,,603619,中曼石油,2019-12-31,2020-06-28,保留意见,董事会 审计意见 专项说明 603619,603619-2019.pdf,,603619.SH
603711-2020,,603711,香飘飘,2020-12-31,2021-04-29,无保留意见加事项段,董事会 审计意见 专项说明 603711,603711-2020.pdf,,603711.SH
603779-2019,,603779,威龙股份,2019-12-31,2020-04-27,无保留意见加事项段,董事会 审计意见 专项说明 603779,603779-2019.pdf,,603779.SH
603779-2020,,603779,威龙股份,2020-12-31,2021-04-26,无保留意见加事项段,董事会 审计意见 专项说明 603779,603779-2020.pdf,,603779.SH
603822-2020,,603822,嘉澳环保,2020-12-31,2021-04-29,保留意见,董事会 审计意见 专项说明 603822,603822-2020.pdf,,603822.SH
603863-2020,,603863,ST 松炀,2020-12-31,2021-04-29,无保留意见加事项段,董事会 审计意见 专项说明 603863,603863-2020.pdf,,603863.SH
603900-2020,,603900,莱绅通灵,2020-12-31,2021-04-27,无保留意见加事项段,董事会 审计意见 专项说明 603900,603900-2020.pdf,,603900.SH
603996-2018,,603996,*ST 中新,2018-12-31,2019-04-27,保留意见,董事会 审计意见 专项说明 603996,603996-2018.pdf,,603996.SH
603996-2019,,603996,*ST 中新,2019-12-31,2020-04-28,无法发表意见,董事会 审计意见 专项说明 603996,603996-2019.pdf,,603996.SH
603996-2020,,603996,*ST 中新,2020-12-31,2021-04-28,无法发表意见,董事会 审计意见 专项说明 603996,603996-2020.pdf,,603996.SH
688086-2020,,688086,紫晶存储,2020-12-31,2021-04-29,保留意见,董事会 审计意见 专项说明 688086,688086-2020.pdf,,688086.SH
900951-2018,,900951,退市大化,2018-12-31,2019-04-24,无保留意见加事项段,董事会 审计意见 专项说明 900951,900951-2018.pdf,,900951.SH
900951-2019,,900951,退市大化,2019-12-31,2020-04-23,保留意见加事项段,董事会 审计意见 专项说明 900951,900951-2019.pdf,,900951.SH
